id,price,name,quantity,image_url
1,30000,Corn Meal,97,http://dummyimage.com/1000x1000.png/5fa2dd/ffffff
2,10000,Cups 10oz Trans,83,http://dummyimage.com/1000x1000.png/cc0000/ffffff
3,30000,"Coffee - Colombian, Portioned",83,http://dummyimage.com/1000x1000.png/5fa2dd/ffffff
4,40000,"Shrimp - 16/20, Iqf, Shell On",46,http://dummyimage.com/1000x1000.png/ff4444/ffffff
5,30000,Crackers Cheez It,94,http://dummyimage.com/1000x1000.png/dddddd/000000
6,10000,"Lemonade - Mandarin, 591 Ml",72,http://dummyimage.com/1000x1000.png/cc0000/ffffff
7,100000,Herb Du Provence - Primerba,74,http://dummyimage.com/1000x1000.png/cc0000/ffffff
8,20000,Chicken Thigh - Bone Out,48,http://dummyimage.com/1000x1000.png/5fa2dd/ffffff
9,100000,"Water - Mineral, Natural",52,http://dummyimage.com/1000x1000.png/dddddd/000000
10,20000,Raisin - Golden,7,http://dummyimage.com/1000x1000.png/ff4444/ffffff
11,90000,"Wine - White, Riesling, Henry Of",47,http://dummyimage.com/1000x1000.png/5fa2dd/ffffff
12,50000,Coffee - Egg Nog Capuccino,69,http://dummyimage.com/1000x1000.png/ff4444/ffffff
13,70000,Cheese - Gouda Smoked,58,http://dummyimage.com/1000x1000.png/5fa2dd/ffffff
14,40000,Pepper - Orange,99,http://dummyimage.com/1000x1000.png/cc0000/ffffff
15,30000,"Lettuce - Romaine, Heart",76,http://dummyimage.com/1000x1000.png/ff4444/ffffff
16,40000,"Squash - Pattypan, Yellow",19,http://dummyimage.com/1000x1000.png/cc0000/ffffff
17,80000,Bread - Olive Dinner Roll,76,http://dummyimage.com/1000x1000.png/ff4444/ffffff
18,30000,Water - Perrier,55,http://dummyimage.com/1000x1000.png/5fa2dd/ffffff
19,20000,Ginsing - Fresh,64,http://dummyimage.com/1000x1000.png/cc0000/ffffff
20,70000,Uniform Linen Charge,33,http://dummyimage.com/1000x1000.png/ff4444/ffffff
21,70000,Plate Pie Foil,96,http://dummyimage.com/1000x1000.png/5fa2dd/ffffff
22,20000,Potatoes - Idaho 80 Count,65,http://dummyimage.com/1000x1000.png/ff4444/ffffff
23,90000,Lighter - Bbq,60,http://dummyimage.com/1000x1000.png/dddddd/000000
24,40000,Apricots - Dried,19,http://dummyimage.com/1000x1000.png/dddddd/000000
25,90000,Mustard - Individual Pkg,55,http://dummyimage.com/1000x1000.png/dddddd/000000
26,20000,Pork - Smoked Kassler,21,http://dummyimage.com/1000x1000.png/5fa2dd/ffffff
27,70000,Oil - Grapeseed Oil,19,http://dummyimage.com/1000x1000.png/ff4444/ffffff
28,80000,"Salmon - Atlantic, Skin On",100,http://dummyimage.com/1000x1000.png/ff4444/ffffff
29,100000,Beef - Cow Feet Split,64,http://dummyimage.com/1000x1000.png/5fa2dd/ffffff
30,20000,Lamb - Sausage Casings,27,http://dummyimage.com/1000x1000.png/5fa2dd/ffffff
31,70000,Mix - Cocktail Strawberry Daiquiri,92,http://dummyimage.com/1000x1000.png/dddddd/000000
32,30000,Mushroom - Lg - Cello,48,http://dummyimage.com/1000x1000.png/ff4444/ffffff
33,30000,Wine - Balbach Riverside,94,http://dummyimage.com/1000x1000.png/dddddd/000000
34,80000,"Brownies - Two Bite, Chocolate",78,http://dummyimage.com/1000x1000.png/cc0000/ffffff
35,30000,Icecream - Dstk Super Cone,47,http://dummyimage.com/1000x1000.png/cc0000/ffffff
36,60000,Prunes - Pitted,54,http://dummyimage.com/1000x1000.png/ff4444/ffffff
37,90000,Cake - Mini Potato Pancake,93,http://dummyimage.com/1000x1000.png/5fa2dd/ffffff
38,40000,Onions - Cooking,62,http://dummyimage.com/1000x1000.png/5fa2dd/ffffff
39,90000,Fiddlehead - Frozen,64,http://dummyimage.com/1000x1000.png/cc0000/ffffff
40,90000,The Pop Shoppe - Black Cherry,37,http://dummyimage.com/1000x1000.png/5fa2dd/ffffff
41,70000,"Beef - Ox Tongue, Pickled",34,http://dummyimage.com/1000x1000.png/ff4444/ffffff
42,40000,Crackers - Trio,10,http://dummyimage.com/1000x1000.png/5fa2dd/ffffff
43,80000,"Yogurt - Peach, 175 Gr",6,http://dummyimage.com/1000x1000.png/cc0000/ffffff
44,80000,Towel Multifold,39,http://dummyimage.com/1000x1000.png/ff4444/ffffff
45,90000,Greens Mustard,68,http://dummyimage.com/1000x1000.png/ff4444/ffffff
46,10000,Scrubbie - Scotchbrite Hand Pad,90,http://dummyimage.com/1000x1000.png/5fa2dd/ffffff
47,30000,"Soup - Campbells, Butternut",80,http://dummyimage.com/1000x1000.png/ff4444/ffffff
48,40000,Fruit Salad Deluxe,25,http://dummyimage.com/1000x1000.png/ff4444/ffffff
49,40000,"Chicken - Leg, Boneless",45,http://dummyimage.com/1000x1000.png/5fa2dd/ffffff
50,30000,Ice Cream Bar - Hagen Daz,72,http://dummyimage.com/1000x1000.png/dddddd/000000
51,50000,"Dill - Primerba, Paste",44,http://dummyimage.com/1000x1000.png/cc0000/ffffff
52,90000,"Tart Shells - Savory, 2",26,http://dummyimage.com/1000x1000.png/dddddd/000000
53,30000,Red Currant Jelly,39,http://dummyimage.com/1000x1000.png/5fa2dd/ffffff
54,20000,The Pop Shoppe - Root Beer,80,http://dummyimage.com/1000x1000.png/cc0000/ffffff
55,100000,Tea Leaves - Oolong,67,http://dummyimage.com/1000x1000.png/dddddd/000000
56,40000,"Asparagus - Green, Fresh",20,http://dummyimage.com/1000x1000.png/ff4444/ffffff
57,10000,Beef - Bresaola,77,http://dummyimage.com/1000x1000.png/cc0000/ffffff
58,70000,Appetizer - Mango Chevre,16,http://dummyimage.com/1000x1000.png/dddddd/000000
59,60000,"Vodka - Lemon, Absolut",41,http://dummyimage.com/1000x1000.png/dddddd/000000
60,70000,Soup - Campbells Chili Veg,87,http://dummyimage.com/1000x1000.png/dddddd/000000
61,50000,Soup Knorr Chili With Beans,7,http://dummyimage.com/1000x1000.png/cc0000/ffffff
62,60000,Steam Pan - Half Size Deep,90,http://dummyimage.com/1000x1000.png/cc0000/ffffff
63,80000,Water - Spring 1.5lit,15,http://dummyimage.com/1000x1000.png/cc0000/ffffff
64,90000,Flour - Fast / Rapid,19,http://dummyimage.com/1000x1000.png/ff4444/ffffff
65,10000,Swiss Chard,83,http://dummyimage.com/1000x1000.png/5fa2dd/ffffff
66,40000,Water Chestnut - Canned,47,http://dummyimage.com/1000x1000.png/cc0000/ffffff
67,60000,Pork - Bacon Cooked Slcd,10,http://dummyimage.com/1000x1000.png/cc0000/ffffff
68,80000,Scallops - Live In Shell,41,http://dummyimage.com/1000x1000.png/cc0000/ffffff
69,10000,Tuna - Yellowfin,100,http://dummyimage.com/1000x1000.png/5fa2dd/ffffff
70,60000,Onions - Red Pearl,36,http://dummyimage.com/1000x1000.png/cc0000/ffffff
71,60000,"Salmon - Smoked, Sliced",32,http://dummyimage.com/1000x1000.png/ff4444/ffffff
72,80000,Rabbit - Frozen,65,http://dummyimage.com/1000x1000.png/ff4444/ffffff
73,90000,Melon - Honey Dew,100,http://dummyimage.com/1000x1000.png/cc0000/ffffff
74,100000,Bay Leaf Ground,93,http://dummyimage.com/1000x1000.png/5fa2dd/ffffff
75,100000,Sprouts - Alfalfa,20,http://dummyimage.com/1000x1000.png/ff4444/ffffff
76,80000,Irish Cream - Butterscotch,11,http://dummyimage.com/1000x1000.png/cc0000/ffffff
77,90000,Sage - Ground,9,http://dummyimage.com/1000x1000.png/ff4444/ffffff
78,40000,Beef - Flank Steak,68,http://dummyimage.com/1000x1000.png/cc0000/ffffff
79,100000,"Pasta - Elbows, Macaroni, Dry",6,http://dummyimage.com/1000x1000.png/5fa2dd/ffffff
80,80000,Longos - Chicken Caeser Salad,62,http://dummyimage.com/1000x1000.png/5fa2dd/ffffff
81,30000,Broccoli - Fresh,15,http://dummyimage.com/1000x1000.png/dddddd/000000
82,80000,Ecolab - Balanced Fusion,56,http://dummyimage.com/1000x1000.png/5fa2dd/ffffff
83,50000,Tea - Herbal - 6 Asst,13,http://dummyimage.com/1000x1000.png/ff4444/ffffff
84,10000,"Beef - Tongue, Cooked",96,http://dummyimage.com/1000x1000.png/ff4444/ffffff
85,70000,Bread Cranberry Foccacia,74,http://dummyimage.com/1000x1000.png/ff4444/ffffff
86,60000,Cake - Mini Potato Pancake,44,http://dummyimage.com/1000x1000.png/ff4444/ffffff
87,10000,Cookie - Oatmeal,86,http://dummyimage.com/1000x1000.png/cc0000/ffffff
88,50000,Octopus,46,http://dummyimage.com/1000x1000.png/dddddd/000000
89,80000,Bread - Rosemary Focaccia,33,http://dummyimage.com/1000x1000.png/5fa2dd/ffffff
90,40000,Bouq All Italian - Primerba,21,http://dummyimage.com/1000x1000.png/dddddd/000000
91,30000,Almonds Ground Blanched,8,http://dummyimage.com/1000x1000.png/5fa2dd/ffffff
92,60000,"Chocolate - Milk, Callets",86,http://dummyimage.com/1000x1000.png/cc0000/ffffff
93,10000,Nestea - Iced Tea,26,http://dummyimage.com/1000x1000.png/5fa2dd/ffffff
94,100000,Island Oasis - Magarita Mix,54,http://dummyimage.com/1000x1000.png/5fa2dd/ffffff
95,60000,Sobe - Green Tea,1,http://dummyimage.com/1000x1000.png/5fa2dd/ffffff
96,90000,Pails With Lids,92,http://dummyimage.com/1000x1000.png/5fa2dd/ffffff
97,10000,Squid - U 5,33,http://dummyimage.com/1000x1000.png/5fa2dd/ffffff
98,50000,Cabbage - Savoy,99,http://dummyimage.com/1000x1000.png/dddddd/000000
99,10000,Turkey Leg With Drum And Thigh,69,http://dummyimage.com/1000x1000.png/ff4444/ffffff
100,40000,"Doilies - 5, Paper",70,http://dummyimage.com/1000x1000.png/cc0000/ffffff
101,100000,"Wine - Red, Pelee Island Merlot",11,http://dummyimage.com/1000x1000.png/dddddd/000000
102,100000,"Mushroom - Enoki, Fresh",30,http://dummyimage.com/1000x1000.png/5fa2dd/ffffff
103,90000,Cookie - Dough Variety,40,http://dummyimage.com/1000x1000.png/5fa2dd/ffffff
104,50000,Lamb Leg - Bone - In Nz,15,http://dummyimage.com/1000x1000.png/ff4444/ffffff
105,90000,Appetizer - Seafood Assortment,45,http://dummyimage.com/1000x1000.png/cc0000/ffffff
106,100000,Onions - Red,51,http://dummyimage.com/1000x1000.png/dddddd/000000
107,70000,"Shrimp - 16/20, Iqf, Shell On",18,http://dummyimage.com/1000x1000.png/dddddd/000000
108,20000,Bay Leaf Fresh,99,http://dummyimage.com/1000x1000.png/ff4444/ffffff
109,10000,Pork - Shoulder,98,http://dummyimage.com/1000x1000.png/5fa2dd/ffffff
110,70000,Milk - Homo,24,http://dummyimage.com/1000x1000.png/5fa2dd/ffffff
111,30000,Sprouts - Bean,97,http://dummyimage.com/1000x1000.png/5fa2dd/ffffff
112,30000,Duck - Legs,91,http://dummyimage.com/1000x1000.png/ff4444/ffffff
113,50000,"Pasta - Lasagna, Dry",50,http://dummyimage.com/1000x1000.png/ff4444/ffffff
114,10000,Kellogs Cereal In A Cup,45,http://dummyimage.com/1000x1000.png/dddddd/000000
115,60000,"Soup - Campbells, Creamy",90,http://dummyimage.com/1000x1000.png/dddddd/000000
116,100000,Flower - Carnations,13,http://dummyimage.com/1000x1000.png/ff4444/ffffff
117,40000,Shrimp - Black Tiger 16/20,97,http://dummyimage.com/1000x1000.png/dddddd/000000
118,70000,Muffin Hinge 117n,81,http://dummyimage.com/1000x1000.png/5fa2dd/ffffff
119,90000,Eggplant - Asian,88,http://dummyimage.com/1000x1000.png/cc0000/ffffff
120,50000,Salmon Steak - Cohoe 8 Oz,73,http://dummyimage.com/1000x1000.png/dddddd/000000
121,70000,Wine - Lamancha Do Crianza,60,http://dummyimage.com/1000x1000.png/5fa2dd/ffffff
122,50000,Lentils - Green Le Puy,71,http://dummyimage.com/1000x1000.png/cc0000/ffffff
123,60000,Tobasco Sauce,31,http://dummyimage.com/1000x1000.png/ff4444/ffffff
124,20000,Sweet Pea Sprouts,5,http://dummyimage.com/1000x1000.png/5fa2dd/ffffff
125,40000,Cheese - Grie Des Champ,28,http://dummyimage.com/1000x1000.png/ff4444/ffffff
126,40000,Wine - Barolo Fontanafredda,31,http://dummyimage.com/1000x1000.png/5fa2dd/ffffff
127,70000,Bread - Pumpernickel,97,http://dummyimage.com/1000x1000.png/5fa2dd/ffffff
128,30000,Flounder - Fresh,85,http://dummyimage.com/1000x1000.png/cc0000/ffffff
129,20000,Chicken - Whole,42,http://dummyimage.com/1000x1000.png/dddddd/000000
130,100000,Beans - French,47,http://dummyimage.com/1000x1000.png/ff4444/ffffff
131,50000,Broom And Brush Rack Black,34,http://dummyimage.com/1000x1000.png/cc0000/ffffff
132,30000,Cleaner - Comet,36,http://dummyimage.com/1000x1000.png/5fa2dd/ffffff
133,70000,Rice Paper,99,http://dummyimage.com/1000x1000.png/5fa2dd/ffffff
134,20000,Chicken Breast Wing On,19,http://dummyimage.com/1000x1000.png/ff4444/ffffff
135,50000,"Tart Shells - Sweet, 3",4,http://dummyimage.com/1000x1000.png/ff4444/ffffff
136,40000,Cleaner - Comet,19,http://dummyimage.com/1000x1000.png/dddddd/000000
137,80000,Appetizer - Seafood Assortment,50,http://dummyimage.com/1000x1000.png/5fa2dd/ffffff
138,50000,Wine - Peller Estates Late,63,http://dummyimage.com/1000x1000.png/dddddd/000000
139,60000,Coffee - Cafe Moreno,55,http://dummyimage.com/1000x1000.png/5fa2dd/ffffff
140,30000,Wine - Alsace Gewurztraminer,25,http://dummyimage.com/1000x1000.png/ff4444/ffffff
141,80000,Wine - Red Oakridge Merlot,49,http://dummyimage.com/1000x1000.png/cc0000/ffffff
142,50000,Meldea Green Tea Liquor,24,http://dummyimage.com/1000x1000.png/dddddd/000000
143,40000,Beef - Texas Style Burger,7,http://dummyimage.com/1000x1000.png/5fa2dd/ffffff
144,60000,Cookie - Oreo 100x2,54,http://dummyimage.com/1000x1000.png/dddddd/000000
145,40000,Bread - Pita,23,http://dummyimage.com/1000x1000.png/cc0000/ffffff
146,30000,"Soup - Campbells, Creamy",28,http://dummyimage.com/1000x1000.png/cc0000/ffffff
147,90000,Ice Cream - Turtles Stick Bar,73,http://dummyimage.com/1000x1000.png/5fa2dd/ffffff
148,90000,Mortadella,10,http://dummyimage.com/1000x1000.png/dddddd/000000
149,90000,"Spoon - Soup, Plastic",65,http://dummyimage.com/1000x1000.png/cc0000/ffffff
150,40000,Lentils - Green Le Puy,18,http://dummyimage.com/1000x1000.png/dddddd/000000
151,70000,Potatoes - Idaho 100 Count,92,http://dummyimage.com/1000x1000.png/dddddd/000000
152,20000,Cheese - Feta,69,http://dummyimage.com/1000x1000.png/cc0000/ffffff
153,10000,"Lobster - Baby, Boiled",11,http://dummyimage.com/1000x1000.png/cc0000/ffffff
154,40000,Flour - All Purpose,54,http://dummyimage.com/1000x1000.png/cc0000/ffffff
155,90000,Mousse - Mango,64,http://dummyimage.com/1000x1000.png/cc0000/ffffff
156,100000,"Rum - White, Gg White",96,http://dummyimage.com/1000x1000.png/ff4444/ffffff
157,90000,Oats Large Flake,27,http://dummyimage.com/1000x1000.png/cc0000/ffffff
158,70000,Cookies - Englishbay Chochip,80,http://dummyimage.com/1000x1000.png/5fa2dd/ffffff
159,70000,"Veal - Shank, Pieces",13,http://dummyimage.com/1000x1000.png/cc0000/ffffff
160,20000,Bread - Crusty Italian Poly,62,http://dummyimage.com/1000x1000.png/5fa2dd/ffffff
161,50000,Bouillion - Fish,67,http://dummyimage.com/1000x1000.png/ff4444/ffffff
162,60000,"Lamb - Whole, Frozen",68,http://dummyimage.com/1000x1000.png/ff4444/ffffff
163,100000,"Rum - Light, Captain Morgan",68,http://dummyimage.com/1000x1000.png/5fa2dd/ffffff
164,90000,Fireball Whisky,98,http://dummyimage.com/1000x1000.png/5fa2dd/ffffff
165,90000,Dill Weed - Fresh,60,http://dummyimage.com/1000x1000.png/ff4444/ffffff
166,60000,Cup - 8oz Coffee Perforated,54,http://dummyimage.com/1000x1000.png/dddddd/000000
167,70000,Cheese - Gouda,58,http://dummyimage.com/1000x1000.png/ff4444/ffffff
168,100000,Tea - Herbal - 6 Asst,1,http://dummyimage.com/1000x1000.png/5fa2dd/ffffff
169,30000,Fruit Salad Deluxe,24,http://dummyimage.com/1000x1000.png/dddddd/000000
170,70000,"Bread - Pullman, Sliced",47,http://dummyimage.com/1000x1000.png/cc0000/ffffff
171,60000,Dr. Pepper - 355ml,9,http://dummyimage.com/1000x1000.png/cc0000/ffffff
172,100000,Soup - Tomato Mush. Florentine,27,http://dummyimage.com/1000x1000.png/dddddd/000000
173,90000,Tumeric,61,http://dummyimage.com/1000x1000.png/dddddd/000000
174,90000,Jolt Cola - Electric Blue,13,http://dummyimage.com/1000x1000.png/cc0000/ffffff
175,80000,Lamb Leg - Bone - In Nz,23,http://dummyimage.com/1000x1000.png/ff4444/ffffff
176,60000,Foil Wrap,55,http://dummyimage.com/1000x1000.png/dddddd/000000
177,80000,Tomatoes Tear Drop Yellow,20,http://dummyimage.com/1000x1000.png/dddddd/000000
178,20000,The Pop Shoppe - Lime Rickey,63,http://dummyimage.com/1000x1000.png/dddddd/000000
179,10000,Wine - Rioja Campo Viejo,92,http://dummyimage.com/1000x1000.png/ff4444/ffffff
180,50000,Vinegar - Red Wine,94,http://dummyimage.com/1000x1000.png/ff4444/ffffff
181,100000,Chocolate - Sugar Free Semi Choc,25,http://dummyimage.com/1000x1000.png/ff4444/ffffff
182,60000,Lamb - Rack,36,http://dummyimage.com/1000x1000.png/cc0000/ffffff
183,20000,Jerusalem Artichoke,59,http://dummyimage.com/1000x1000.png/dddddd/000000
184,20000,Lamb - Sausage Casings,59,http://dummyimage.com/1000x1000.png/5fa2dd/ffffff
185,70000,"Salmon - Smoked, Sliced",70,http://dummyimage.com/1000x1000.png/ff4444/ffffff
186,60000,Wood Chips - Regular,91,http://dummyimage.com/1000x1000.png/dddddd/000000
187,20000,Ice Cream Bar - Oreo Cone,46,http://dummyimage.com/1000x1000.png/dddddd/000000
188,90000,"Pork - Bacon, Double Smoked",40,http://dummyimage.com/1000x1000.png/cc0000/ffffff
189,100000,Juice - Lagoon Mango,9,http://dummyimage.com/1000x1000.png/5fa2dd/ffffff
190,90000,Juice - V8 Splash,32,http://dummyimage.com/1000x1000.png/ff4444/ffffff
191,30000,Veal Inside - Provimi,25,http://dummyimage.com/1000x1000.png/ff4444/ffffff
192,90000,"Tart Shells - Sweet, 2",23,http://dummyimage.com/1000x1000.png/cc0000/ffffff
193,30000,Bagelers - Cinn / Brown,25,http://dummyimage.com/1000x1000.png/5fa2dd/ffffff
194,20000,Drambuie,30,http://dummyimage.com/1000x1000.png/cc0000/ffffff
195,10000,Chocolate Bar - Oh Henry,49,http://dummyimage.com/1000x1000.png/cc0000/ffffff
196,80000,Container - Clear 16 Oz,1,http://dummyimage.com/1000x1000.png/cc0000/ffffff
197,20000,Cheese - Stilton,90,http://dummyimage.com/1000x1000.png/ff4444/ffffff
198,30000,Cake - Miini Cheesecake Cherry,41,http://dummyimage.com/1000x1000.png/ff4444/ffffff
199,90000,Tea - Herbal Orange Spice,73,http://dummyimage.com/1000x1000.png/dddddd/000000
200,90000,Sesame Seed Black,27,http://dummyimage.com/1000x1000.png/dddddd/000000
201,100000,"Fish - Atlantic Salmon, Cold",58,http://dummyimage.com/1000x1000.png/5fa2dd/ffffff
202,50000,Pepper - Green Thai,100,http://dummyimage.com/1000x1000.png/dddddd/000000
203,30000,Cream - 18%,16,http://dummyimage.com/1000x1000.png/dddddd/000000
204,80000,Truffle - Whole Black Peeled,67,http://dummyimage.com/1000x1000.png/dddddd/000000
205,10000,Cake - Box Window 10x10x2.5,20,http://dummyimage.com/1000x1000.png/cc0000/ffffff
206,30000,Garbag Bags - Black,47,http://dummyimage.com/1000x1000.png/dddddd/000000
207,60000,Napkin White - Starched,68,http://dummyimage.com/1000x1000.png/cc0000/ffffff
208,30000,Steampan - Foil,89,http://dummyimage.com/1000x1000.png/dddddd/000000
209,60000,Crab Brie In Phyllo,98,http://dummyimage.com/1000x1000.png/dddddd/000000
210,90000,"Pork - Sausage, Medium",72,http://dummyimage.com/1000x1000.png/dddddd/000000
211,80000,Cloves - Ground,90,http://dummyimage.com/1000x1000.png/ff4444/ffffff
212,10000,Sage - Fresh,39,http://dummyimage.com/1000x1000.png/dddddd/000000
213,90000,"Cherries - Maraschino,jar",93,http://dummyimage.com/1000x1000.png/ff4444/ffffff
214,80000,"Bread - Roll, Whole Wheat",5,http://dummyimage.com/1000x1000.png/5fa2dd/ffffff
215,90000,Grapefruit - White,41,http://dummyimage.com/1000x1000.png/cc0000/ffffff
216,30000,Eel Fresh,82,http://dummyimage.com/1000x1000.png/cc0000/ffffff
217,80000,Carroway Seed,55,http://dummyimage.com/1000x1000.png/ff4444/ffffff
218,100000,Ginger - Ground,42,http://dummyimage.com/1000x1000.png/dddddd/000000
219,30000,"Coke - Classic, 355 Ml",37,http://dummyimage.com/1000x1000.png/cc0000/ffffff
220,90000,Sauerkraut,39,http://dummyimage.com/1000x1000.png/cc0000/ffffff
221,80000,Chicken - White Meat With Tender,35,http://dummyimage.com/1000x1000.png/cc0000/ffffff
222,40000,"Tart Shells - Sweet, 3",33,http://dummyimage.com/1000x1000.png/dddddd/000000
223,50000,Salami - Genova,57,http://dummyimage.com/1000x1000.png/cc0000/ffffff
224,30000,"Wine - Cahors Ac 2000, Clos",65,http://dummyimage.com/1000x1000.png/ff4444/ffffff
225,40000,"Pork - Back, Short Cut, Boneless",69,http://dummyimage.com/1000x1000.png/dddddd/000000
226,50000,Glycerine,5,http://dummyimage.com/1000x1000.png/5fa2dd/ffffff
227,60000,"Pork - Ham, Virginia",23,http://dummyimage.com/1000x1000.png/5fa2dd/ffffff
228,10000,Goulash Seasoning,92,http://dummyimage.com/1000x1000.png/dddddd/000000
229,20000,Bagelers - Cinn / Brown,82,http://dummyimage.com/1000x1000.png/ff4444/ffffff
230,70000,Curry Powder Madras,52,http://dummyimage.com/1000x1000.png/ff4444/ffffff
231,10000,Glove - Cutting,11,http://dummyimage.com/1000x1000.png/ff4444/ffffff
232,20000,"Tart Shells - Sweet, 2",4,http://dummyimage.com/1000x1000.png/ff4444/ffffff
233,10000,Southern Comfort,34,http://dummyimage.com/1000x1000.png/dddddd/000000
234,10000,"Stock - Beef, Brown",98,http://dummyimage.com/1000x1000.png/dddddd/000000
235,50000,Chocolate - Dark Callets,21,http://dummyimage.com/1000x1000.png/cc0000/ffffff
236,20000,"Nut - Cashews, Whole, Raw",37,http://dummyimage.com/1000x1000.png/cc0000/ffffff
237,90000,Kellogs Cereal In A Cup,98,http://dummyimage.com/1000x1000.png/dddddd/000000
238,40000,Wine - Savigny - Les - Beaune,12,http://dummyimage.com/1000x1000.png/dddddd/000000
239,70000,Bowl 12 Oz - Showcase 92012,72,http://dummyimage.com/1000x1000.png/cc0000/ffffff
240,60000,Cumin - Ground,7,http://dummyimage.com/1000x1000.png/ff4444/ffffff
241,30000,Appetizer - Seafood Assortment,29,http://dummyimage.com/1000x1000.png/5fa2dd/ffffff
242,10000,Ham - Cooked Italian,67,http://dummyimage.com/1000x1000.png/ff4444/ffffff
243,80000,Steampan Lid,41,http://dummyimage.com/1000x1000.png/5fa2dd/ffffff
244,50000,Emulsifier,24,http://dummyimage.com/1000x1000.png/cc0000/ffffff
245,30000,Beans - Green,33,http://dummyimage.com/1000x1000.png/5fa2dd/ffffff
246,50000,"Vermacelli - Sprinkles, Assorted",83,http://dummyimage.com/1000x1000.png/ff4444/ffffff
247,60000,Seabream Whole Farmed,32,http://dummyimage.com/1000x1000.png/5fa2dd/ffffff
248,20000,Brandy Cherry - Mcguinness,43,http://dummyimage.com/1000x1000.png/dddddd/000000
249,60000,Danishes - Mini Raspberry,100,http://dummyimage.com/1000x1000.png/cc0000/ffffff
250,80000,Sauce - Rosee,7,http://dummyimage.com/1000x1000.png/cc0000/ffffff
251,60000,Wine - Pinot Noir Stoneleigh,19,http://dummyimage.com/1000x1000.png/cc0000/ffffff
252,10000,Tandoori Curry Paste,9,http://dummyimage.com/1000x1000.png/5fa2dd/ffffff
253,30000,Milk Powder,63,http://dummyimage.com/1000x1000.png/dddddd/000000
254,10000,Milk - Homo,62,http://dummyimage.com/1000x1000.png/ff4444/ffffff
255,70000,"Tendrils - Baby Pea, Organic",52,http://dummyimage.com/1000x1000.png/ff4444/ffffff
256,60000,Dc - Frozen Momji,47,http://dummyimage.com/1000x1000.png/ff4444/ffffff
257,30000,Sherbet - Raspberry,26,http://dummyimage.com/1000x1000.png/cc0000/ffffff
258,60000,Limes,41,http://dummyimage.com/1000x1000.png/5fa2dd/ffffff
259,30000,"Syrup - Golden, Lyles",69,http://dummyimage.com/1000x1000.png/cc0000/ffffff
260,60000,Bread Crumbs - Japanese Style,61,http://dummyimage.com/1000x1000.png/cc0000/ffffff
261,60000,Lobster - Base,16,http://dummyimage.com/1000x1000.png/dddddd/000000
262,10000,Beef - Inside Round,20,http://dummyimage.com/1000x1000.png/5fa2dd/ffffff
263,50000,Sherry - Dry,41,http://dummyimage.com/1000x1000.png/5fa2dd/ffffff
264,20000,Cheese - Pont Couvert,27,http://dummyimage.com/1000x1000.png/ff4444/ffffff
265,20000,V8 - Berry Blend,60,http://dummyimage.com/1000x1000.png/cc0000/ffffff
266,90000,Truffle Cups - Brown,71,http://dummyimage.com/1000x1000.png/5fa2dd/ffffff
267,100000,Jam - Apricot,10,http://dummyimage.com/1000x1000.png/5fa2dd/ffffff
268,30000,Cheese - Cottage Cheese,12,http://dummyimage.com/1000x1000.png/dddddd/000000
269,30000,Coffee - Decafenated,76,http://dummyimage.com/1000x1000.png/dddddd/000000
270,20000,Praline Paste,8,http://dummyimage.com/1000x1000.png/5fa2dd/ffffff
271,80000,"Yogurt - Cherry, 175 Gr",10,http://dummyimage.com/1000x1000.png/ff4444/ffffff
272,50000,Cookie - Dough Variety,5,http://dummyimage.com/1000x1000.png/dddddd/000000
273,40000,Bread - Bistro Sour,1,http://dummyimage.com/1000x1000.png/ff4444/ffffff
274,100000,Coriander - Seed,58,http://dummyimage.com/1000x1000.png/ff4444/ffffff
275,70000,Appetizer - Asian Shrimp Roll,39,http://dummyimage.com/1000x1000.png/cc0000/ffffff
276,100000,"Flour - Bran, Red",3,http://dummyimage.com/1000x1000.png/ff4444/ffffff
277,40000,Foam Cup 6 Oz,1,http://dummyimage.com/1000x1000.png/5fa2dd/ffffff
278,70000,"Wine - Red, Marechal Foch",75,http://dummyimage.com/1000x1000.png/5fa2dd/ffffff
279,30000,Fish - Bones,31,http://dummyimage.com/1000x1000.png/ff4444/ffffff
280,60000,"Coke - Diet, 355 Ml",62,http://dummyimage.com/1000x1000.png/cc0000/ffffff
281,60000,Coffee - Flavoured,79,http://dummyimage.com/1000x1000.png/5fa2dd/ffffff
282,10000,"Rum - Coconut, Malibu",83,http://dummyimage.com/1000x1000.png/ff4444/ffffff
283,50000,Muffin - Zero Transfat,34,http://dummyimage.com/1000x1000.png/ff4444/ffffff
284,50000,Pork - Hock And Feet Attached,88,http://dummyimage.com/1000x1000.png/5fa2dd/ffffff
285,30000,Orange Roughy 6/8 Oz,52,http://dummyimage.com/1000x1000.png/cc0000/ffffff
286,80000,Foil Wrap,35,http://dummyimage.com/1000x1000.png/dddddd/000000
287,60000,Cake - Cheese Cake 9 Inch,9,http://dummyimage.com/1000x1000.png/dddddd/000000
288,100000,"Carrots - Purple, Organic",17,http://dummyimage.com/1000x1000.png/5fa2dd/ffffff
289,60000,Kiwi Gold Zespri,16,http://dummyimage.com/1000x1000.png/ff4444/ffffff
290,50000,Chicken Giblets,65,http://dummyimage.com/1000x1000.png/dddddd/000000
291,80000,Butter - Pod,42,http://dummyimage.com/1000x1000.png/ff4444/ffffff
292,70000,Vinegar - Sherry,99,http://dummyimage.com/1000x1000.png/ff4444/ffffff
293,100000,Raisin - Golden,28,http://dummyimage.com/1000x1000.png/cc0000/ffffff
294,40000,Pork - Belly Fresh,31,http://dummyimage.com/1000x1000.png/dddddd/000000
295,40000,"Wine - Red, Pinot Noir, Chateau",81,http://dummyimage.com/1000x1000.png/5fa2dd/ffffff
296,90000,Apricots Fresh,80,http://dummyimage.com/1000x1000.png/5fa2dd/ffffff
297,10000,"Beef - Tongue, Cooked",47,http://dummyimage.com/1000x1000.png/cc0000/ffffff
298,40000,Table Cloth 53x53 White,17,http://dummyimage.com/1000x1000.png/ff4444/ffffff
299,80000,Burger Veggie,29,http://dummyimage.com/1000x1000.png/dddddd/000000
300,30000,Appetizer - Mushroom Tart,31,http://dummyimage.com/1000x1000.png/5fa2dd/ffffff
301,90000,Capicola - Hot,71,http://dummyimage.com/1000x1000.png/ff4444/ffffff
302,40000,Wine - Kwv Chenin Blanc South,97,http://dummyimage.com/1000x1000.png/ff4444/ffffff
303,30000,Muffin Batt - Choc Chk,72,http://dummyimage.com/1000x1000.png/5fa2dd/ffffff
304,70000,Beef - Cow Feet Split,10,http://dummyimage.com/1000x1000.png/cc0000/ffffff
305,10000,Muffin Hinge Container 6,86,http://dummyimage.com/1000x1000.png/ff4444/ffffff
306,70000,Table Cloth 54x72 Colour,23,http://dummyimage.com/1000x1000.png/dddddd/000000
307,30000,Table Cloth 54x72 White,66,http://dummyimage.com/1000x1000.png/dddddd/000000
308,10000,Chocolate - Semi Sweet,43,http://dummyimage.com/1000x1000.png/cc0000/ffffff
309,60000,Bagel - 12 Grain Preslice,65,http://dummyimage.com/1000x1000.png/5fa2dd/ffffff
310,60000,Pepper - Red Thai,80,http://dummyimage.com/1000x1000.png/cc0000/ffffff
311,90000,Cinnamon - Stick,24,http://dummyimage.com/1000x1000.png/dddddd/000000
312,10000,"Chicken - Thigh, Bone In",49,http://dummyimage.com/1000x1000.png/ff4444/ffffff
313,20000,Tumeric,24,http://dummyimage.com/1000x1000.png/ff4444/ffffff
314,100000,"Capon - Breast, Wing On",11,http://dummyimage.com/1000x1000.png/5fa2dd/ffffff
315,60000,"Oil - Shortening,liqud, Fry",79,http://dummyimage.com/1000x1000.png/ff4444/ffffff
316,100000,Rice - Jasmine Sented,79,http://dummyimage.com/1000x1000.png/5fa2dd/ffffff
317,80000,Flour - Rye,75,http://dummyimage.com/1000x1000.png/cc0000/ffffff
318,50000,Truffle Cups Green,92,http://dummyimage.com/1000x1000.png/ff4444/ffffff
319,90000,Clam - Cherrystone,45,http://dummyimage.com/1000x1000.png/cc0000/ffffff
320,100000,"Apple - Delicious, Red",28,http://dummyimage.com/1000x1000.png/dddddd/000000
321,10000,Clam - Cherrystone,33,http://dummyimage.com/1000x1000.png/5fa2dd/ffffff
322,80000,Rootbeer,55,http://dummyimage.com/1000x1000.png/5fa2dd/ffffff
323,30000,Coffee - French Vanilla Frothy,69,http://dummyimage.com/1000x1000.png/dddddd/000000
324,50000,Juice - Orangina,25,http://dummyimage.com/1000x1000.png/dddddd/000000
325,60000,Mustard - Seed,49,http://dummyimage.com/1000x1000.png/dddddd/000000
326,90000,Bread Crumbs - Panko,18,http://dummyimage.com/1000x1000.png/cc0000/ffffff
327,50000,Lamb Shoulder Boneless Nz,86,http://dummyimage.com/1000x1000.png/dddddd/000000
328,10000,Bread Sour Rolls,6,http://dummyimage.com/1000x1000.png/ff4444/ffffff
329,70000,Daikon Radish,37,http://dummyimage.com/1000x1000.png/5fa2dd/ffffff
330,50000,"Chicken - Thigh, Bone In",12,http://dummyimage.com/1000x1000.png/5fa2dd/ffffff
331,50000,Flavouring - Orange,4,http://dummyimage.com/1000x1000.png/dddddd/000000
332,10000,"Shrimp - 16/20, Iqf, Shell On",71,http://dummyimage.com/1000x1000.png/5fa2dd/ffffff
333,40000,Potatoes - Mini White 3 Oz,42,http://dummyimage.com/1000x1000.png/5fa2dd/ffffff
334,50000,Beef Wellington,8,http://dummyimage.com/1000x1000.png/cc0000/ffffff
335,80000,Coffee Decaf Colombian,34,http://dummyimage.com/1000x1000.png/dddddd/000000
336,30000,Mangoes,11,http://dummyimage.com/1000x1000.png/cc0000/ffffff
337,10000,Bread - Frozen Basket Variety,50,http://dummyimage.com/1000x1000.png/cc0000/ffffff
338,90000,"Wine - Magnotta - Red, Baco",10,http://dummyimage.com/1000x1000.png/5fa2dd/ffffff
339,30000,Beef - Top Sirloin - Aaa,39,http://dummyimage.com/1000x1000.png/5fa2dd/ffffff
340,80000,Lettuce - California Mix,98,http://dummyimage.com/1000x1000.png/cc0000/ffffff
341,80000,Wine - German Riesling,26,http://dummyimage.com/1000x1000.png/ff4444/ffffff
342,40000,Muffin - Banana Nut Individual,31,http://dummyimage.com/1000x1000.png/dddddd/000000
343,80000,Tart - Lemon,4,http://dummyimage.com/1000x1000.png/5fa2dd/ffffff
344,100000,Taro Leaves,38,http://dummyimage.com/1000x1000.png/ff4444/ffffff
345,50000,"Lettuce - Romaine, Heart",23,http://dummyimage.com/1000x1000.png/dddddd/000000
346,30000,Carbonated Water - Wildberry,24,http://dummyimage.com/1000x1000.png/cc0000/ffffff
347,30000,Juice - Happy Planet,58,http://dummyimage.com/1000x1000.png/dddddd/000000
348,80000,"Wine - Red, Cabernet Sauvignon",88,http://dummyimage.com/1000x1000.png/ff4444/ffffff
349,40000,"Sauce - Soya, Dark",37,http://dummyimage.com/1000x1000.png/ff4444/ffffff
350,100000,Steam Pan - Half Size Deep,24,http://dummyimage.com/1000x1000.png/dddddd/000000
351,40000,Tea - Decaf 1 Cup,69,http://dummyimage.com/1000x1000.png/5fa2dd/ffffff
352,30000,Relish,71,http://dummyimage.com/1000x1000.png/cc0000/ffffff
353,40000,Bread Foccacia Whole,25,http://dummyimage.com/1000x1000.png/cc0000/ffffff
354,30000,Beets - Golden,57,http://dummyimage.com/1000x1000.png/cc0000/ffffff
355,40000,"Soup - Canadian Pea, Dry Mix",92,http://dummyimage.com/1000x1000.png/5fa2dd/ffffff
356,60000,Muffin Hinge Container 6,85,http://dummyimage.com/1000x1000.png/5fa2dd/ffffff
357,80000,Pear - Prickly,78,http://dummyimage.com/1000x1000.png/cc0000/ffffff
358,90000,"Beets - Candy Cane, Organic",39,http://dummyimage.com/1000x1000.png/ff4444/ffffff
359,60000,"Pork - Loin, Bone - In",60,http://dummyimage.com/1000x1000.png/cc0000/ffffff
360,10000,Basil - Pesto Sauce,57,http://dummyimage.com/1000x1000.png/ff4444/ffffff
361,30000,Cookie Dough - Double,28,http://dummyimage.com/1000x1000.png/cc0000/ffffff
362,20000,Shiro Miso,21,http://dummyimage.com/1000x1000.png/dddddd/000000
363,40000,Soup Campbells,68,http://dummyimage.com/1000x1000.png/5fa2dd/ffffff
364,20000,Celery,84,http://dummyimage.com/1000x1000.png/ff4444/ffffff
365,70000,Chicken - Ground,17,http://dummyimage.com/1000x1000.png/dddddd/000000
366,90000,Pie Filling - Cherry,3,http://dummyimage.com/1000x1000.png/5fa2dd/ffffff
367,50000,"Fish - Atlantic Salmon, Cold",89,http://dummyimage.com/1000x1000.png/5fa2dd/ffffff
368,10000,"Trout - Rainbow, Frozen",8,http://dummyimage.com/1000x1000.png/dddddd/000000
369,90000,Squeeze Bottle,88,http://dummyimage.com/1000x1000.png/dddddd/000000
370,40000,Steampan - Foil,24,http://dummyimage.com/1000x1000.png/ff4444/ffffff
371,80000,Whmis Spray Bottle Graduated,43,http://dummyimage.com/1000x1000.png/ff4444/ffffff
372,60000,Sugar - White Packet,7,http://dummyimage.com/1000x1000.png/dddddd/000000
373,90000,Bread - Wheat Baguette,62,http://dummyimage.com/1000x1000.png/ff4444/ffffff
374,70000,Lamb - Bones,29,http://dummyimage.com/1000x1000.png/ff4444/ffffff
375,70000,Beets - Pickled,76,http://dummyimage.com/1000x1000.png/dddddd/000000
376,90000,Pastry - Banana Tea Loaf,18,http://dummyimage.com/1000x1000.png/dddddd/000000
377,10000,Uniform Linen Charge,66,http://dummyimage.com/1000x1000.png/cc0000/ffffff
378,20000,Bagel - Plain,7,http://dummyimage.com/1000x1000.png/ff4444/ffffff
379,20000,"Chocolate - Milk, Callets",9,http://dummyimage.com/1000x1000.png/ff4444/ffffff
380,90000,Squid Ink,41,http://dummyimage.com/1000x1000.png/cc0000/ffffff
381,40000,V8 Splash Strawberry Kiwi,100,http://dummyimage.com/1000x1000.png/5fa2dd/ffffff
382,90000,Bar - Sweet And Salty Chocolate,71,http://dummyimage.com/1000x1000.png/cc0000/ffffff
383,90000,Flour - Rye,13,http://dummyimage.com/1000x1000.png/ff4444/ffffff
384,50000,Oil - Canola,53,http://dummyimage.com/1000x1000.png/cc0000/ffffff
385,80000,Coriander - Seed,1,http://dummyimage.com/1000x1000.png/dddddd/000000
386,80000,"Shrimp - 16/20, Iqf, Shell On",6,http://dummyimage.com/1000x1000.png/dddddd/000000
387,10000,Wine - German Riesling,64,http://dummyimage.com/1000x1000.png/dddddd/000000
388,20000,"Juice - Apple, 341 Ml",39,http://dummyimage.com/1000x1000.png/ff4444/ffffff
389,70000,Longos - Burritos,89,http://dummyimage.com/1000x1000.png/cc0000/ffffff
390,20000,"Plate - Foam, Bread And Butter",68,http://dummyimage.com/1000x1000.png/dddddd/000000
391,50000,Wine - Piper Heidsieck Brut,89,http://dummyimage.com/1000x1000.png/5fa2dd/ffffff
392,80000,"Sauce - Soya, Light",1,http://dummyimage.com/1000x1000.png/dddddd/000000
393,20000,Sauce - Fish 25 Ozf Bottle,27,http://dummyimage.com/1000x1000.png/5fa2dd/ffffff
394,10000,Pepper - Cubanelle,100,http://dummyimage.com/1000x1000.png/5fa2dd/ffffff
395,20000,Wine - Prosecco Valdobienne,41,http://dummyimage.com/1000x1000.png/ff4444/ffffff
396,50000,"Carrots - Mini, Stem On",47,http://dummyimage.com/1000x1000.png/cc0000/ffffff
397,10000,Okra,13,http://dummyimage.com/1000x1000.png/dddddd/000000
398,90000,Graham Cracker Mix,71,http://dummyimage.com/1000x1000.png/ff4444/ffffff
399,60000,Spinach - Baby,76,http://dummyimage.com/1000x1000.png/dddddd/000000
400,80000,"Basil - Primerba, Paste",92,http://dummyimage.com/1000x1000.png/5fa2dd/ffffff
401,10000,Puree - Passion Fruit,5,http://dummyimage.com/1000x1000.png/5fa2dd/ffffff
402,50000,Lettuce - California Mix,2,http://dummyimage.com/1000x1000.png/dddddd/000000
403,80000,"Water - Mineral, Natural",85,http://dummyimage.com/1000x1000.png/ff4444/ffffff
404,70000,Cheese - Comte,56,http://dummyimage.com/1000x1000.png/cc0000/ffffff
405,70000,"Pasta - Cannelloni, Sheets, Fresh",86,http://dummyimage.com/1000x1000.png/dddddd/000000
406,60000,"Flour - Bran, Red",64,http://dummyimage.com/1000x1000.png/ff4444/ffffff
407,10000,Meldea Green Tea Liquor,85,http://dummyimage.com/1000x1000.png/dddddd/000000
408,60000,Snapple Lemon Tea,75,http://dummyimage.com/1000x1000.png/cc0000/ffffff
409,70000,Veal - Leg,68,http://dummyimage.com/1000x1000.png/dddddd/000000
410,20000,Beer - Paulaner Hefeweisse,92,http://dummyimage.com/1000x1000.png/dddddd/000000
411,100000,"Juice - Clam, 46 Oz",22,http://dummyimage.com/1000x1000.png/5fa2dd/ffffff
412,50000,Dehydrated Kelp Kombo,77,http://dummyimage.com/1000x1000.png/cc0000/ffffff
413,80000,Chinese Foods - Chicken Wing,32,http://dummyimage.com/1000x1000.png/cc0000/ffffff
414,100000,"Carrots - Mini, Stem On",76,http://dummyimage.com/1000x1000.png/dddddd/000000
415,30000,Beets,34,http://dummyimage.com/1000x1000.png/ff4444/ffffff
416,20000,Black Currants,60,http://dummyimage.com/1000x1000.png/cc0000/ffffff
417,90000,Scallops 60/80 Iqf,90,http://dummyimage.com/1000x1000.png/5fa2dd/ffffff
418,30000,Wine - Puligny Montrachet A.,33,http://dummyimage.com/1000x1000.png/cc0000/ffffff
419,30000,Soup - Campbells Beef Strogonoff,3,http://dummyimage.com/1000x1000.png/dddddd/000000
420,80000,Wine - Magnotta - Bel Paese White,1,http://dummyimage.com/1000x1000.png/5fa2dd/ffffff
421,40000,Uniform Linen Charge,73,http://dummyimage.com/1000x1000.png/5fa2dd/ffffff
422,40000,Bar Bran Honey Nut,32,http://dummyimage.com/1000x1000.png/dddddd/000000
423,90000,Mushroom - Chanterelle Frozen,32,http://dummyimage.com/1000x1000.png/ff4444/ffffff
424,20000,Duck - Fat,41,http://dummyimage.com/1000x1000.png/5fa2dd/ffffff
425,90000,Calypso - Pineapple Passion,7,http://dummyimage.com/1000x1000.png/dddddd/000000
426,60000,Garam Marsala,39,http://dummyimage.com/1000x1000.png/ff4444/ffffff
427,100000,Onion Powder,33,http://dummyimage.com/1000x1000.png/5fa2dd/ffffff
428,100000,"Bread - Roll, Canadian Dinner",77,http://dummyimage.com/1000x1000.png/ff4444/ffffff
429,30000,Apple - Northern Spy,12,http://dummyimage.com/1000x1000.png/5fa2dd/ffffff
430,100000,Chips Potato Swt Chilli Sour,23,http://dummyimage.com/1000x1000.png/cc0000/ffffff
431,50000,Longos - Greek Salad,89,http://dummyimage.com/1000x1000.png/ff4444/ffffff
432,20000,Cookie Choc,2,http://dummyimage.com/1000x1000.png/ff4444/ffffff
433,20000,Mangoes,69,http://dummyimage.com/1000x1000.png/cc0000/ffffff
434,80000,Sprouts - Baby Pea Tendrils,13,http://dummyimage.com/1000x1000.png/dddddd/000000
435,10000,Lid Tray - 12in Dome,30,http://dummyimage.com/1000x1000.png/cc0000/ffffff
436,40000,Beef - Texas Style Burger,30,http://dummyimage.com/1000x1000.png/5fa2dd/ffffff
437,30000,Sage Ground Wiberg,52,http://dummyimage.com/1000x1000.png/dddddd/000000
438,80000,"Pork - Ham, Virginia",1,http://dummyimage.com/1000x1000.png/cc0000/ffffff
439,20000,Veal - Ground,50,http://dummyimage.com/1000x1000.png/dddddd/000000
440,80000,Mushroom - King Eryingii,93,http://dummyimage.com/1000x1000.png/dddddd/000000
441,10000,Puree - Passion Fruit,48,http://dummyimage.com/1000x1000.png/5fa2dd/ffffff
442,90000,Goldschalger,36,http://dummyimage.com/1000x1000.png/cc0000/ffffff
443,30000,"Noodles - Cellophane, Thin",44,http://dummyimage.com/1000x1000.png/5fa2dd/ffffff
444,50000,"Bread - Rolls, Rye",1,http://dummyimage.com/1000x1000.png/cc0000/ffffff
445,50000,Nutmeg - Ground,46,http://dummyimage.com/1000x1000.png/cc0000/ffffff
446,40000,Rice - Wild,4,http://dummyimage.com/1000x1000.png/dddddd/000000
447,20000,"Tortillas - Flour, 8",60,http://dummyimage.com/1000x1000.png/dddddd/000000
448,10000,Wine - Alicanca Vinho Verde,27,http://dummyimage.com/1000x1000.png/cc0000/ffffff
449,100000,Wine - Sogrape Mateus Rose,39,http://dummyimage.com/1000x1000.png/ff4444/ffffff
450,90000,Yogurt - Assorted Pack,22,http://dummyimage.com/1000x1000.png/cc0000/ffffff
451,100000,Temperature Recording Station,70,http://dummyimage.com/1000x1000.png/5fa2dd/ffffff
452,100000,Beef Striploin Aaa,69,http://dummyimage.com/1000x1000.png/cc0000/ffffff
453,100000,Dooleys Toffee,2,http://dummyimage.com/1000x1000.png/ff4444/ffffff
454,40000,Icecream - Dstk Cml And Fdg,61,http://dummyimage.com/1000x1000.png/dddddd/000000
455,70000,Flower - Daisies,93,http://dummyimage.com/1000x1000.png/cc0000/ffffff
456,100000,Tart - Lemon,67,http://dummyimage.com/1000x1000.png/dddddd/000000
457,70000,"Wine - Harrow Estates, Vidal",4,http://dummyimage.com/1000x1000.png/ff4444/ffffff
458,30000,Towels - Paper / Kraft,97,http://dummyimage.com/1000x1000.png/5fa2dd/ffffff
459,30000,Sauce - Fish 25 Ozf Bottle,63,http://dummyimage.com/1000x1000.png/ff4444/ffffff
460,90000,Beef Striploin Aaa,65,http://dummyimage.com/1000x1000.png/cc0000/ffffff
461,90000,Cherries - Frozen,14,http://dummyimage.com/1000x1000.png/ff4444/ffffff
462,60000,Pork - Liver,41,http://dummyimage.com/1000x1000.png/dddddd/000000
463,80000,Flour - Whole Wheat,87,http://dummyimage.com/1000x1000.png/dddddd/000000
464,80000,Wine - Port Late Bottled Vintage,14,http://dummyimage.com/1000x1000.png/cc0000/ffffff
465,60000,"Arctic Char - Fresh, Whole",9,http://dummyimage.com/1000x1000.png/ff4444/ffffff
466,80000,Grenadine,33,http://dummyimage.com/1000x1000.png/cc0000/ffffff
467,10000,"Pasta - Lasagne, Fresh",39,http://dummyimage.com/1000x1000.png/ff4444/ffffff
468,10000,Cup Translucent 9 Oz,85,http://dummyimage.com/1000x1000.png/cc0000/ffffff
469,30000,"Gin - Gilbeys London, Dry",94,http://dummyimage.com/1000x1000.png/5fa2dd/ffffff
470,30000,Wine - Periguita Fonseca,96,http://dummyimage.com/1000x1000.png/dddddd/000000
471,70000,Madeira,67,http://dummyimage.com/1000x1000.png/5fa2dd/ffffff
472,30000,Wine - Chardonnay South,69,http://dummyimage.com/1000x1000.png/cc0000/ffffff
473,40000,Pop Shoppe Cream Soda,97,http://dummyimage.com/1000x1000.png/5fa2dd/ffffff
474,40000,"Nut - Walnut, Pieces",72,http://dummyimage.com/1000x1000.png/5fa2dd/ffffff
475,70000,Coffee - Cafe Moreno,9,http://dummyimage.com/1000x1000.png/dddddd/000000
476,10000,Pastry - Chocolate Chip Muffin,70,http://dummyimage.com/1000x1000.png/dddddd/000000
477,20000,"Stock - Chicken, White",40,http://dummyimage.com/1000x1000.png/ff4444/ffffff
478,30000,Papadam,91,http://dummyimage.com/1000x1000.png/cc0000/ffffff
479,80000,Parsnip,15,http://dummyimage.com/1000x1000.png/dddddd/000000
480,90000,Tamarillo,70,http://dummyimage.com/1000x1000.png/cc0000/ffffff
481,10000,"Hickory Smoke, Liquid",56,http://dummyimage.com/1000x1000.png/dddddd/000000
482,50000,Ocean Spray - Ruby Red,92,http://dummyimage.com/1000x1000.png/ff4444/ffffff
483,100000,"Veal - Leg, Provimi - 50 Lb Max",45,http://dummyimage.com/1000x1000.png/dddddd/000000
484,100000,Puree - Strawberry,85,http://dummyimage.com/1000x1000.png/5fa2dd/ffffff
485,50000,"Marjoram - Dried, Rubbed",57,http://dummyimage.com/1000x1000.png/5fa2dd/ffffff
486,80000,"Sugar - Sweet N Low, Individual",87,http://dummyimage.com/1000x1000.png/dddddd/000000
487,100000,Beef - Striploin,88,http://dummyimage.com/1000x1000.png/cc0000/ffffff
488,30000,Energy Drink - Franks Original,18,http://dummyimage.com/1000x1000.png/5fa2dd/ffffff
489,90000,Coffee Beans - Chocolate,30,http://dummyimage.com/1000x1000.png/cc0000/ffffff
490,30000,Knife Plastic - White,27,http://dummyimage.com/1000x1000.png/dddddd/000000
491,20000,Appetizer - Smoked Salmon / Dill,32,http://dummyimage.com/1000x1000.png/ff4444/ffffff
492,10000,Coffee - Ristretto Coffee Capsule,65,http://dummyimage.com/1000x1000.png/5fa2dd/ffffff
493,10000,Milk - Chocolate 500ml,98,http://dummyimage.com/1000x1000.png/5fa2dd/ffffff
494,50000,"Rum - White, Gg White",97,http://dummyimage.com/1000x1000.png/5fa2dd/ffffff
495,20000,"Beef - Kindney, Whole",66,http://dummyimage.com/1000x1000.png/5fa2dd/ffffff
496,70000,Spinach - Baby,48,http://dummyimage.com/1000x1000.png/cc0000/ffffff
497,50000,Lychee - Canned,85,http://dummyimage.com/1000x1000.png/dddddd/000000
498,40000,Syrup - Pancake,26,http://dummyimage.com/1000x1000.png/cc0000/ffffff
499,10000,"Nut - Peanut, Roasted",41,http://dummyimage.com/1000x1000.png/5fa2dd/ffffff
500,80000,"Quail - Whole, Bone - In",95,http://dummyimage.com/1000x1000.png/cc0000/ffffff
501,70000,Napkin White - Starched,14,http://dummyimage.com/1000x1000.png/dddddd/000000
502,80000,Fenngreek Seed,42,http://dummyimage.com/1000x1000.png/ff4444/ffffff
503,90000,Scallops - Live In Shell,51,http://dummyimage.com/1000x1000.png/ff4444/ffffff
504,30000,Lobster - Cooked,97,http://dummyimage.com/1000x1000.png/dddddd/000000
505,100000,Cut Wakame - Hanawakaba,94,http://dummyimage.com/1000x1000.png/cc0000/ffffff
506,10000,Chutney Sauce - Mango,81,http://dummyimage.com/1000x1000.png/dddddd/000000
507,100000,Beer - Rickards Red,86,http://dummyimage.com/1000x1000.png/dddddd/000000
508,30000,"Zucchini - Mini, Green",5,http://dummyimage.com/1000x1000.png/cc0000/ffffff
509,30000,"Soup - Knorr, Chicken Noodle",91,http://dummyimage.com/1000x1000.png/cc0000/ffffff
510,100000,Phyllo Dough,85,http://dummyimage.com/1000x1000.png/5fa2dd/ffffff
511,100000,Pheasants - Whole,84,http://dummyimage.com/1000x1000.png/5fa2dd/ffffff
512,70000,Cinnamon - Stick,45,http://dummyimage.com/1000x1000.png/cc0000/ffffff
513,80000,Bacardi Limon,17,http://dummyimage.com/1000x1000.png/ff4444/ffffff
514,30000,Wine - Cave Springs Dry Riesling,97,http://dummyimage.com/1000x1000.png/cc0000/ffffff
515,60000,Water - Evian 355 Ml,41,http://dummyimage.com/1000x1000.png/dddddd/000000
516,80000,Steampan Lid,95,http://dummyimage.com/1000x1000.png/5fa2dd/ffffff
517,80000,Cheese - Parmigiano Reggiano,89,http://dummyimage.com/1000x1000.png/cc0000/ffffff
518,50000,Cake - Miini Cheesecake Cherry,53,http://dummyimage.com/1000x1000.png/ff4444/ffffff
519,30000,Pastry - Carrot Muffin - Mini,64,http://dummyimage.com/1000x1000.png/cc0000/ffffff
520,70000,Coffee - French Vanilla Frothy,13,http://dummyimage.com/1000x1000.png/ff4444/ffffff
521,30000,Mace,13,http://dummyimage.com/1000x1000.png/ff4444/ffffff
522,10000,Wine - Jaboulet Cotes Du Rhone,26,http://dummyimage.com/1000x1000.png/ff4444/ffffff
523,70000,Muffin Mix - Blueberry,44,http://dummyimage.com/1000x1000.png/5fa2dd/ffffff
524,20000,"Mushroom - Shitake, Dry",26,http://dummyimage.com/1000x1000.png/cc0000/ffffff
525,50000,Bandage - Flexible Neon,99,http://dummyimage.com/1000x1000.png/dddddd/000000
526,40000,Sage - Rubbed,59,http://dummyimage.com/1000x1000.png/5fa2dd/ffffff
527,40000,Cheese Cloth,23,http://dummyimage.com/1000x1000.png/ff4444/ffffff
528,90000,Pectin,24,http://dummyimage.com/1000x1000.png/ff4444/ffffff
529,70000,Lemons,53,http://dummyimage.com/1000x1000.png/dddddd/000000
530,30000,"Pepper - Green, Chili",43,http://dummyimage.com/1000x1000.png/dddddd/000000
531,70000,Flour - So Mix Cake White,50,http://dummyimage.com/1000x1000.png/ff4444/ffffff
532,70000,Bread - Multigrain,80,http://dummyimage.com/1000x1000.png/ff4444/ffffff
533,40000,Juice - Cranberry 284ml,93,http://dummyimage.com/1000x1000.png/5fa2dd/ffffff
534,10000,Creme De Cacao White,61,http://dummyimage.com/1000x1000.png/5fa2dd/ffffff
535,10000,"Wine - White, Concha Y Toro",41,http://dummyimage.com/1000x1000.png/ff4444/ffffff
536,50000,Gatorade - Orange,15,http://dummyimage.com/1000x1000.png/5fa2dd/ffffff
537,70000,Salmon Atl.whole 8 - 10 Lb,22,http://dummyimage.com/1000x1000.png/5fa2dd/ffffff
538,100000,Steam Pan - Half Size Deep,43,http://dummyimage.com/1000x1000.png/5fa2dd/ffffff
539,20000,Knife Plastic - White,86,http://dummyimage.com/1000x1000.png/5fa2dd/ffffff
540,30000,Tuna - Salad Premix,54,http://dummyimage.com/1000x1000.png/ff4444/ffffff
541,70000,Coffee - French Vanilla Frothy,85,http://dummyimage.com/1000x1000.png/ff4444/ffffff
542,80000,Eggs - Extra Large,85,http://dummyimage.com/1000x1000.png/cc0000/ffffff
543,80000,Beer - Upper Canada Lager,23,http://dummyimage.com/1000x1000.png/5fa2dd/ffffff
544,80000,Dc Hikiage Hira Huba,88,http://dummyimage.com/1000x1000.png/cc0000/ffffff
545,80000,Tuna - Fresh,62,http://dummyimage.com/1000x1000.png/ff4444/ffffff
546,40000,Veal - Leg,1,http://dummyimage.com/1000x1000.png/ff4444/ffffff
547,90000,Mackerel Whole Fresh,99,http://dummyimage.com/1000x1000.png/cc0000/ffffff
548,10000,"Cup - 6oz, Foam",85,http://dummyimage.com/1000x1000.png/5fa2dd/ffffff
549,10000,Sauce - Oyster,32,http://dummyimage.com/1000x1000.png/5fa2dd/ffffff
550,50000,Turkey Leg With Drum And Thigh,1,http://dummyimage.com/1000x1000.png/ff4444/ffffff
551,70000,Tea - Herbal Sweet Dreams,59,http://dummyimage.com/1000x1000.png/cc0000/ffffff
552,10000,Chips Potato Swt Chilli Sour,2,http://dummyimage.com/1000x1000.png/dddddd/000000
553,90000,Pancetta,32,http://dummyimage.com/1000x1000.png/cc0000/ffffff
554,50000,Mayonnaise,29,http://dummyimage.com/1000x1000.png/dddddd/000000
555,90000,"Lemonade - Natural, 591 Ml",15,http://dummyimage.com/1000x1000.png/dddddd/000000
556,30000,Wine - Alicanca Vinho Verde,57,http://dummyimage.com/1000x1000.png/ff4444/ffffff
557,40000,"Veal - Inside, Choice",85,http://dummyimage.com/1000x1000.png/ff4444/ffffff
558,30000,"Pepper - White, Ground",53,http://dummyimage.com/1000x1000.png/5fa2dd/ffffff
559,50000,Cookies - Englishbay Wht,83,http://dummyimage.com/1000x1000.png/5fa2dd/ffffff
560,40000,Chicken - Whole,67,http://dummyimage.com/1000x1000.png/cc0000/ffffff
561,90000,Pasta - Orecchiette,77,http://dummyimage.com/1000x1000.png/cc0000/ffffff
562,90000,Sprite - 355 Ml,25,http://dummyimage.com/1000x1000.png/cc0000/ffffff
563,70000,Pork Loin Bine - In Frenched,17,http://dummyimage.com/1000x1000.png/dddddd/000000
564,50000,Energy Drink - Franks Original,14,http://dummyimage.com/1000x1000.png/5fa2dd/ffffff
565,80000,Langers - Mango Nectar,93,http://dummyimage.com/1000x1000.png/cc0000/ffffff
566,10000,Chickhen - Chicken Phyllo,38,http://dummyimage.com/1000x1000.png/cc0000/ffffff
567,30000,Olives - Kalamata,11,http://dummyimage.com/1000x1000.png/cc0000/ffffff
568,30000,Sage - Fresh,76,http://dummyimage.com/1000x1000.png/ff4444/ffffff
569,20000,Dried Peach,32,http://dummyimage.com/1000x1000.png/cc0000/ffffff
570,80000,"Beef - Tenderlion, Center Cut",78,http://dummyimage.com/1000x1000.png/ff4444/ffffff
571,70000,Canada Dry,76,http://dummyimage.com/1000x1000.png/dddddd/000000
572,80000,Beef - Tenderloin - Aa,59,http://dummyimage.com/1000x1000.png/5fa2dd/ffffff
573,50000,"Mushrooms - Black, Dried",63,http://dummyimage.com/1000x1000.png/cc0000/ffffff
574,10000,Muffin Mix - Corn Harvest,56,http://dummyimage.com/1000x1000.png/5fa2dd/ffffff
575,90000,Bag Clear 10 Lb,96,http://dummyimage.com/1000x1000.png/ff4444/ffffff
576,80000,Spice - Paprika,94,http://dummyimage.com/1000x1000.png/ff4444/ffffff
577,80000,Butter - Salted,20,http://dummyimage.com/1000x1000.png/ff4444/ffffff
578,90000,"Yogurt - Banana, 175 Gr",29,http://dummyimage.com/1000x1000.png/ff4444/ffffff
579,30000,"Nut - Pecan, Halves",60,http://dummyimage.com/1000x1000.png/cc0000/ffffff
580,50000,"Pail - 15l White, With Handle",79,http://dummyimage.com/1000x1000.png/cc0000/ffffff
581,70000,Cabbage - Green,17,http://dummyimage.com/1000x1000.png/5fa2dd/ffffff
582,90000,Scallops - 20/30,10,http://dummyimage.com/1000x1000.png/dddddd/000000
583,10000,Cocktail Napkin Blue,71,http://dummyimage.com/1000x1000.png/cc0000/ffffff
584,100000,"Chocolate - Pistoles, Lactee, Milk",60,http://dummyimage.com/1000x1000.png/dddddd/000000
585,30000,Pike - Frozen Fillet,29,http://dummyimage.com/1000x1000.png/5fa2dd/ffffff
586,50000,Brandy Apricot,28,http://dummyimage.com/1000x1000.png/5fa2dd/ffffff
587,60000,Chicken Thigh - Bone Out,27,http://dummyimage.com/1000x1000.png/dddddd/000000
588,60000,Table Cloth 53x69 White,43,http://dummyimage.com/1000x1000.png/dddddd/000000
589,90000,Icecream - Dstk Super Cone,83,http://dummyimage.com/1000x1000.png/dddddd/000000
590,100000,"Coconut - Creamed, Pure",75,http://dummyimage.com/1000x1000.png/cc0000/ffffff
591,70000,"Cheese - Manchego, Spanish",97,http://dummyimage.com/1000x1000.png/dddddd/000000
592,20000,Hog / Sausage Casing - Pork,23,http://dummyimage.com/1000x1000.png/5fa2dd/ffffff
593,10000,Foil Wrap,19,http://dummyimage.com/1000x1000.png/ff4444/ffffff
594,20000,Croissants Thaw And Serve,21,http://dummyimage.com/1000x1000.png/dddddd/000000
595,20000,Venison - Denver Leg Boneless,45,http://dummyimage.com/1000x1000.png/5fa2dd/ffffff
596,70000,Pasta - Fusili Tri - Coloured,73,http://dummyimage.com/1000x1000.png/cc0000/ffffff
597,30000,"Beef - Kindney, Whole",2,http://dummyimage.com/1000x1000.png/5fa2dd/ffffff
598,50000,"Lamb - Whole, Frozen",30,http://dummyimage.com/1000x1000.png/cc0000/ffffff
599,80000,"Mushroom - Enoki, Dry",84,http://dummyimage.com/1000x1000.png/cc0000/ffffff
600,50000,"Loaf Pan - 2 Lb, Foil",13,http://dummyimage.com/1000x1000.png/5fa2dd/ffffff
601,10000,Muskox - French Rack,37,http://dummyimage.com/1000x1000.png/5fa2dd/ffffff
602,70000,"Soup - Campbells, Spinach Crm",28,http://dummyimage.com/1000x1000.png/5fa2dd/ffffff
603,10000,Salt - Sea,18,http://dummyimage.com/1000x1000.png/dddddd/000000
604,60000,Cheese - Brie Roitelet,70,http://dummyimage.com/1000x1000.png/5fa2dd/ffffff
605,50000,"Lamb - Leg, Diced",12,http://dummyimage.com/1000x1000.png/cc0000/ffffff
606,50000,Yams,19,http://dummyimage.com/1000x1000.png/cc0000/ffffff
607,100000,Bread - Olive Dinner Roll,72,http://dummyimage.com/1000x1000.png/dddddd/000000
608,60000,Wine - Port Late Bottled Vintage,74,http://dummyimage.com/1000x1000.png/ff4444/ffffff
609,20000,"Soup - Campbells, Spinach Crm",39,http://dummyimage.com/1000x1000.png/cc0000/ffffff
610,80000,"Fish - Artic Char, Cold Smoked",14,http://dummyimage.com/1000x1000.png/ff4444/ffffff
611,100000,Truffle Cups - Red,35,http://dummyimage.com/1000x1000.png/ff4444/ffffff
612,10000,"Cheese - Havarti, Salsa",25,http://dummyimage.com/1000x1000.png/dddddd/000000
613,100000,Papadam,90,http://dummyimage.com/1000x1000.png/dddddd/000000
614,80000,Lady Fingers,80,http://dummyimage.com/1000x1000.png/ff4444/ffffff
615,20000,Carroway Seed,16,http://dummyimage.com/1000x1000.png/ff4444/ffffff
616,40000,Muffin Mix - Morning Glory,29,http://dummyimage.com/1000x1000.png/ff4444/ffffff
617,10000,Transfer Sheets,56,http://dummyimage.com/1000x1000.png/ff4444/ffffff
618,20000,Beef - Tenderloin Tails,19,http://dummyimage.com/1000x1000.png/cc0000/ffffff
619,90000,Yeast Dry - Fleischman,97,http://dummyimage.com/1000x1000.png/ff4444/ffffff
620,80000,Cassis,13,http://dummyimage.com/1000x1000.png/5fa2dd/ffffff
621,70000,Dip - Tapenade,41,http://dummyimage.com/1000x1000.png/ff4444/ffffff
622,80000,Gatorade - Cool Blue Raspberry,76,http://dummyimage.com/1000x1000.png/cc0000/ffffff
623,70000,Sauce - Roasted Red Pepper,48,http://dummyimage.com/1000x1000.png/dddddd/000000
624,20000,Pie Shells 10,85,http://dummyimage.com/1000x1000.png/cc0000/ffffff
625,30000,Flax Seed,42,http://dummyimage.com/1000x1000.png/5fa2dd/ffffff
626,30000,Pork - Backfat,57,http://dummyimage.com/1000x1000.png/dddddd/000000
627,90000,Bay Leaf Ground,7,http://dummyimage.com/1000x1000.png/cc0000/ffffff
628,70000,"Potatoes - Instant, Mashed",96,http://dummyimage.com/1000x1000.png/5fa2dd/ffffff
629,50000,Dates,44,http://dummyimage.com/1000x1000.png/dddddd/000000
630,30000,"Chestnuts - Whole,canned",7,http://dummyimage.com/1000x1000.png/cc0000/ffffff
631,30000,Pork - Back Ribs,11,http://dummyimage.com/1000x1000.png/cc0000/ffffff
632,10000,Glucose,18,http://dummyimage.com/1000x1000.png/5fa2dd/ffffff
633,50000,Cornflakes,46,http://dummyimage.com/1000x1000.png/5fa2dd/ffffff
634,30000,Chutney Sauce,44,http://dummyimage.com/1000x1000.png/dddddd/000000
635,20000,Beans - French,84,http://dummyimage.com/1000x1000.png/ff4444/ffffff
636,20000,Cream - 35%,63,http://dummyimage.com/1000x1000.png/ff4444/ffffff
637,100000,Salmon - Canned,78,http://dummyimage.com/1000x1000.png/cc0000/ffffff
638,40000,"Quail - Whole, Bone - In",8,http://dummyimage.com/1000x1000.png/ff4444/ffffff
639,70000,Table Cloth 81x81 Colour,72,http://dummyimage.com/1000x1000.png/ff4444/ffffff
640,30000,Salmon Atl.whole 8 - 10 Lb,40,http://dummyimage.com/1000x1000.png/cc0000/ffffff
641,100000,Butter Sweet,40,http://dummyimage.com/1000x1000.png/dddddd/000000
642,10000,Cake - Miini Cheesecake Cherry,51,http://dummyimage.com/1000x1000.png/5fa2dd/ffffff
643,40000,Pastry - Chocolate Chip Muffin,28,http://dummyimage.com/1000x1000.png/ff4444/ffffff
644,60000,"Cheese - Brie, Triple Creme",57,http://dummyimage.com/1000x1000.png/cc0000/ffffff
645,20000,Appetizer - Sausage Rolls,72,http://dummyimage.com/1000x1000.png/dddddd/000000
646,60000,Soup - Campbells Mushroom,61,http://dummyimage.com/1000x1000.png/dddddd/000000
647,40000,Puree - Raspberry,48,http://dummyimage.com/1000x1000.png/5fa2dd/ffffff
648,20000,"Beef - Rib Roast, Capless",4,http://dummyimage.com/1000x1000.png/cc0000/ffffff
649,50000,Squash - Guords,22,http://dummyimage.com/1000x1000.png/dddddd/000000
650,100000,Veal - Slab Bacon,95,http://dummyimage.com/1000x1000.png/cc0000/ffffff
651,20000,"Pasta - Detalini, White, Fresh",50,http://dummyimage.com/1000x1000.png/cc0000/ffffff
652,50000,Wine - Alsace Gewurztraminer,5,http://dummyimage.com/1000x1000.png/cc0000/ffffff
653,90000,Jameson Irish Whiskey,81,http://dummyimage.com/1000x1000.png/ff4444/ffffff
654,90000,Beef Flat Iron Steak,23,http://dummyimage.com/1000x1000.png/ff4444/ffffff
655,100000,"Seedlings - Mix, Organic",59,http://dummyimage.com/1000x1000.png/5fa2dd/ffffff
656,30000,Garlic Powder,71,http://dummyimage.com/1000x1000.png/ff4444/ffffff
657,20000,Bar Mix - Lime,16,http://dummyimage.com/1000x1000.png/5fa2dd/ffffff
658,80000,Coffee - Egg Nog Capuccino,39,http://dummyimage.com/1000x1000.png/cc0000/ffffff
659,30000,Quail - Jumbo,25,http://dummyimage.com/1000x1000.png/ff4444/ffffff
660,80000,Wine - Riesling Dr. Pauly,1,http://dummyimage.com/1000x1000.png/cc0000/ffffff
661,10000,Buffalo - Tenderloin,11,http://dummyimage.com/1000x1000.png/5fa2dd/ffffff
662,40000,Pepper - Pablano,23,http://dummyimage.com/1000x1000.png/5fa2dd/ffffff
663,60000,Snapple Raspberry Tea,23,http://dummyimage.com/1000x1000.png/dddddd/000000
664,30000,Sauce - Hoisin,35,http://dummyimage.com/1000x1000.png/ff4444/ffffff
665,40000,Gatorade - Orange,6,http://dummyimage.com/1000x1000.png/ff4444/ffffff
666,30000,Wine - Chardonnay South,64,http://dummyimage.com/1000x1000.png/cc0000/ffffff
667,80000,Cream - 35%,11,http://dummyimage.com/1000x1000.png/dddddd/000000
668,90000,"Appetizer - Mini Egg Roll, Shrimp",11,http://dummyimage.com/1000x1000.png/cc0000/ffffff
669,10000,"Tart Shells - Savory, 2",94,http://dummyimage.com/1000x1000.png/cc0000/ffffff
670,10000,Nut - Pumpkin Seeds,53,http://dummyimage.com/1000x1000.png/5fa2dd/ffffff
671,90000,Broom Handle,36,http://dummyimage.com/1000x1000.png/ff4444/ffffff
672,100000,"Pasta - Lasagna Noodle, Frozen",30,http://dummyimage.com/1000x1000.png/ff4444/ffffff
673,10000,Mousse - Passion Fruit,52,http://dummyimage.com/1000x1000.png/5fa2dd/ffffff
674,50000,Bread - French Baquette,52,http://dummyimage.com/1000x1000.png/5fa2dd/ffffff
675,20000,Wine - Clavet Saint Emilion,87,http://dummyimage.com/1000x1000.png/cc0000/ffffff
676,50000,Chicken Giblets,53,http://dummyimage.com/1000x1000.png/cc0000/ffffff
677,30000,Muffin Mix - Chocolate Chip,49,http://dummyimage.com/1000x1000.png/cc0000/ffffff
678,20000,"Bread - Roll, Whole Wheat",10,http://dummyimage.com/1000x1000.png/5fa2dd/ffffff
679,50000,"Soup - French Onion, Dry",67,http://dummyimage.com/1000x1000.png/dddddd/000000
680,90000,Spinach - Packaged,41,http://dummyimage.com/1000x1000.png/dddddd/000000
681,50000,Cornish Hen,33,http://dummyimage.com/1000x1000.png/cc0000/ffffff
682,30000,"Crush - Grape, 355 Ml",30,http://dummyimage.com/1000x1000.png/ff4444/ffffff
683,40000,Pastry - Banana Muffin - Mini,99,http://dummyimage.com/1000x1000.png/dddddd/000000
684,100000,Ecolab - Balanced Fusion,73,http://dummyimage.com/1000x1000.png/dddddd/000000
685,50000,Five Alive Citrus,79,http://dummyimage.com/1000x1000.png/cc0000/ffffff
686,20000,Eel - Smoked,53,http://dummyimage.com/1000x1000.png/dddddd/000000
687,80000,"Pineapple - Canned, Rings",82,http://dummyimage.com/1000x1000.png/ff4444/ffffff
688,90000,Salmon - Fillets,89,http://dummyimage.com/1000x1000.png/dddddd/000000
689,80000,"Flour - Bran, Red",29,http://dummyimage.com/1000x1000.png/dddddd/000000
690,100000,Pears - Bosc,63,http://dummyimage.com/1000x1000.png/ff4444/ffffff
691,90000,"Pepsi - Diet, 355 Ml",3,http://dummyimage.com/1000x1000.png/cc0000/ffffff
692,30000,"Beets - Candy Cane, Organic",96,http://dummyimage.com/1000x1000.png/cc0000/ffffff
693,40000,Lamb - Whole Head Off,5,http://dummyimage.com/1000x1000.png/dddddd/000000
694,90000,Sambuca - Ramazzotti,88,http://dummyimage.com/1000x1000.png/cc0000/ffffff
695,50000,Steampan Lid,67,http://dummyimage.com/1000x1000.png/dddddd/000000
696,40000,Bread - 10 Grain Parisian,31,http://dummyimage.com/1000x1000.png/ff4444/ffffff
697,80000,Cheese - Swiss,5,http://dummyimage.com/1000x1000.png/cc0000/ffffff
698,100000,Wine - Bouchard La Vignee Pinot,65,http://dummyimage.com/1000x1000.png/ff4444/ffffff
699,50000,Soup - Base Broth Beef,15,http://dummyimage.com/1000x1000.png/ff4444/ffffff
700,50000,Soy Protein,71,http://dummyimage.com/1000x1000.png/cc0000/ffffff
701,10000,"Wine - White, Lindemans Bin 95",65,http://dummyimage.com/1000x1000.png/5fa2dd/ffffff
702,100000,Bread Crumbs - Panko,39,http://dummyimage.com/1000x1000.png/dddddd/000000
703,90000,"Sparkling Wine - Rose, Freixenet",69,http://dummyimage.com/1000x1000.png/cc0000/ffffff
704,30000,Capicola - Hot,30,http://dummyimage.com/1000x1000.png/dddddd/000000
705,70000,Wine - Casillero Del Diablo,54,http://dummyimage.com/1000x1000.png/5fa2dd/ffffff
706,10000,Rice - 7 Grain Blend,68,http://dummyimage.com/1000x1000.png/dddddd/000000
707,60000,Foam Dinner Plate,50,http://dummyimage.com/1000x1000.png/cc0000/ffffff
708,50000,Strawberries - California,51,http://dummyimage.com/1000x1000.png/5fa2dd/ffffff
709,10000,Veal - Liver,29,http://dummyimage.com/1000x1000.png/cc0000/ffffff
710,40000,Yoghurt Tubes,52,http://dummyimage.com/1000x1000.png/dddddd/000000
711,90000,Irish Cream - Butterscotch,62,http://dummyimage.com/1000x1000.png/ff4444/ffffff
712,100000,Wine - Magnotta - Pinot Gris Sr,52,http://dummyimage.com/1000x1000.png/ff4444/ffffff
713,60000,"Water - Mineral, Carbonated",46,http://dummyimage.com/1000x1000.png/ff4444/ffffff
714,60000,Cake - Sheet Strawberry,24,http://dummyimage.com/1000x1000.png/dddddd/000000
715,100000,Puree - Guava,76,http://dummyimage.com/1000x1000.png/5fa2dd/ffffff
716,50000,Higashimaru Usukuchi Soy,24,http://dummyimage.com/1000x1000.png/cc0000/ffffff
717,60000,"Lettuce - Mini Greens, Whole",19,http://dummyimage.com/1000x1000.png/5fa2dd/ffffff
718,40000,Sobe - Tropical Energy,37,http://dummyimage.com/1000x1000.png/ff4444/ffffff
719,100000,Oil - Olive Bertolli,28,http://dummyimage.com/1000x1000.png/ff4444/ffffff
720,80000,"Seedlings - Mix, Organic",67,http://dummyimage.com/1000x1000.png/dddddd/000000
721,30000,Jameson - Irish Whiskey,48,http://dummyimage.com/1000x1000.png/dddddd/000000
722,10000,Lamb - Shoulder,29,http://dummyimage.com/1000x1000.png/dddddd/000000
723,50000,Sauce - Oyster,14,http://dummyimage.com/1000x1000.png/dddddd/000000
724,50000,Oyster - In Shell,21,http://dummyimage.com/1000x1000.png/ff4444/ffffff
725,10000,"Water - Spring Water, 355 Ml",60,http://dummyimage.com/1000x1000.png/cc0000/ffffff
726,10000,Flour - Pastry,34,http://dummyimage.com/1000x1000.png/5fa2dd/ffffff
727,90000,Compound - Passion Fruit,92,http://dummyimage.com/1000x1000.png/5fa2dd/ffffff
728,30000,Glaze - Clear,69,http://dummyimage.com/1000x1000.png/dddddd/000000
729,100000,Bread - Multigrain,23,http://dummyimage.com/1000x1000.png/dddddd/000000
730,40000,Yukon Jack,52,http://dummyimage.com/1000x1000.png/5fa2dd/ffffff
731,40000,Truffle Cups Green,54,http://dummyimage.com/1000x1000.png/cc0000/ffffff
732,20000,Muffin Mix - Chocolate Chip,26,http://dummyimage.com/1000x1000.png/5fa2dd/ffffff
733,60000,"Orange - Canned, Mandarin",12,http://dummyimage.com/1000x1000.png/5fa2dd/ffffff
734,30000,Rabbit - Whole,11,http://dummyimage.com/1000x1000.png/ff4444/ffffff
735,90000,Chef Hat 25cm,12,http://dummyimage.com/1000x1000.png/5fa2dd/ffffff
736,70000,Pork - Caul Fat,92,http://dummyimage.com/1000x1000.png/ff4444/ffffff
737,20000,Blouse / Shirt / Sweater,24,http://dummyimage.com/1000x1000.png/dddddd/000000
738,50000,"Beef - Outside, Round",20,http://dummyimage.com/1000x1000.png/dddddd/000000
739,70000,Pate - Cognac,90,http://dummyimage.com/1000x1000.png/cc0000/ffffff
740,20000,Rice - Aborio,7,http://dummyimage.com/1000x1000.png/cc0000/ffffff
741,80000,Bread - Malt,34,http://dummyimage.com/1000x1000.png/5fa2dd/ffffff
742,70000,Apple - Fuji,9,http://dummyimage.com/1000x1000.png/dddddd/000000
743,50000,Beef - Cow Feet Split,70,http://dummyimage.com/1000x1000.png/dddddd/000000
744,30000,Bread - Multigrain Oval,5,http://dummyimage.com/1000x1000.png/cc0000/ffffff
745,60000,"Soup - Canadian Pea, Dry Mix",17,http://dummyimage.com/1000x1000.png/cc0000/ffffff
746,30000,Vinegar - White Wine,7,http://dummyimage.com/1000x1000.png/dddddd/000000
747,90000,Puree - Passion Fruit,65,http://dummyimage.com/1000x1000.png/cc0000/ffffff
748,30000,Dragon Fruit,59,http://dummyimage.com/1000x1000.png/5fa2dd/ffffff
749,90000,"Tabasco Sauce, 2 Oz",99,http://dummyimage.com/1000x1000.png/cc0000/ffffff
750,40000,Pomegranates,64,http://dummyimage.com/1000x1000.png/ff4444/ffffff
751,60000,Cheese - Roquefort Pappillon,63,http://dummyimage.com/1000x1000.png/dddddd/000000
752,70000,Corn - Mini,85,http://dummyimage.com/1000x1000.png/ff4444/ffffff
753,40000,Sauce - Soy Low Sodium - 3.87l,40,http://dummyimage.com/1000x1000.png/ff4444/ffffff
754,40000,Jagermeister,65,http://dummyimage.com/1000x1000.png/cc0000/ffffff
755,50000,Irish Cream - Butterscotch,96,http://dummyimage.com/1000x1000.png/cc0000/ffffff
756,10000,"Mushroom - Shitake, Fresh",49,http://dummyimage.com/1000x1000.png/5fa2dd/ffffff
757,10000,Wine - Stoneliegh Sauvignon,100,http://dummyimage.com/1000x1000.png/cc0000/ffffff
758,20000,Beer - Original Organic Lager,92,http://dummyimage.com/1000x1000.png/cc0000/ffffff
759,80000,General Purpose Trigger,49,http://dummyimage.com/1000x1000.png/cc0000/ffffff
760,80000,Food Colouring - Pink,55,http://dummyimage.com/1000x1000.png/ff4444/ffffff
761,40000,"Pork - Tenderloin, Frozen",37,http://dummyimage.com/1000x1000.png/cc0000/ffffff
762,70000,Tea - Lemon Scented,42,http://dummyimage.com/1000x1000.png/dddddd/000000
763,70000,Sachet,19,http://dummyimage.com/1000x1000.png/dddddd/000000
764,10000,Appetizer - Mango Chevre,95,http://dummyimage.com/1000x1000.png/ff4444/ffffff
765,60000,Tuna - Bluefin,67,http://dummyimage.com/1000x1000.png/ff4444/ffffff
766,30000,Steel Wool,86,http://dummyimage.com/1000x1000.png/cc0000/ffffff
767,100000,Clam Nectar,1,http://dummyimage.com/1000x1000.png/ff4444/ffffff
768,40000,Cake - Sheet Strawberry,50,http://dummyimage.com/1000x1000.png/5fa2dd/ffffff
769,30000,Sour Puss - Tangerine,49,http://dummyimage.com/1000x1000.png/ff4444/ffffff
770,100000,Icecream - Dstk Super Cone,84,http://dummyimage.com/1000x1000.png/cc0000/ffffff
771,30000,Foil Cont Round,56,http://dummyimage.com/1000x1000.png/5fa2dd/ffffff
772,40000,"Cheese - Mozzarella, Buffalo",12,http://dummyimage.com/1000x1000.png/dddddd/000000
773,50000,Fennel - Seeds,25,http://dummyimage.com/1000x1000.png/dddddd/000000
774,10000,Dr. Pepper - 355ml,71,http://dummyimage.com/1000x1000.png/cc0000/ffffff
775,30000,Lid Coffee Cup 8oz Blk,6,http://dummyimage.com/1000x1000.png/ff4444/ffffff
776,80000,"Arctic Char - Fresh, Whole",22,http://dummyimage.com/1000x1000.png/cc0000/ffffff
777,20000,"Pasta - Rotini, Colour, Dry",30,http://dummyimage.com/1000x1000.png/cc0000/ffffff
778,80000,Beef - Top Sirloin,48,http://dummyimage.com/1000x1000.png/ff4444/ffffff
779,40000,"Pasta - Cappellini, Dry",36,http://dummyimage.com/1000x1000.png/ff4444/ffffff
780,20000,Pepper - Chili Powder,44,http://dummyimage.com/1000x1000.png/ff4444/ffffff
781,10000,"Fish - Halibut, Cold Smoked",66,http://dummyimage.com/1000x1000.png/ff4444/ffffff
782,40000,Longan,20,http://dummyimage.com/1000x1000.png/ff4444/ffffff
783,100000,Sugar - Splenda Sweetener,82,http://dummyimage.com/1000x1000.png/dddddd/000000
784,30000,"Sole - Dover, Whole, Fresh",4,http://dummyimage.com/1000x1000.png/cc0000/ffffff
785,90000,Veal - Leg,51,http://dummyimage.com/1000x1000.png/dddddd/000000
786,30000,Rice Wine - Aji Mirin,54,http://dummyimage.com/1000x1000.png/ff4444/ffffff
787,100000,Glaze - Apricot,73,http://dummyimage.com/1000x1000.png/dddddd/000000
788,20000,"Coconut - Shredded, Sweet",5,http://dummyimage.com/1000x1000.png/ff4444/ffffff
789,40000,"Wine - Saint - Bris 2002, Sauv",67,http://dummyimage.com/1000x1000.png/ff4444/ffffff
790,80000,The Pop Shoppe - Root Beer,18,http://dummyimage.com/1000x1000.png/cc0000/ffffff
791,100000,Zucchini - Green,28,http://dummyimage.com/1000x1000.png/ff4444/ffffff
792,40000,Cheese - Sheep Milk,32,http://dummyimage.com/1000x1000.png/dddddd/000000
793,100000,Loquat,61,http://dummyimage.com/1000x1000.png/dddddd/000000
794,80000,Longos - Grilled Salmon With Bbq,11,http://dummyimage.com/1000x1000.png/ff4444/ffffff
795,20000,"Crab - Blue, Frozen",10,http://dummyimage.com/1000x1000.png/ff4444/ffffff
796,40000,"Chocolate - Pistoles, Lactee, Milk",94,http://dummyimage.com/1000x1000.png/ff4444/ffffff
797,100000,Chutney Sauce - Mango,95,http://dummyimage.com/1000x1000.png/dddddd/000000
798,40000,Broom Handle,74,http://dummyimage.com/1000x1000.png/dddddd/000000
799,10000,"Beans - Black Bean, Dry",1,http://dummyimage.com/1000x1000.png/ff4444/ffffff
800,80000,Bananas,66,http://dummyimage.com/1000x1000.png/cc0000/ffffff
801,20000,Sugar - Crumb,55,http://dummyimage.com/1000x1000.png/ff4444/ffffff
802,30000,Cookie Dough - Chunky,25,http://dummyimage.com/1000x1000.png/ff4444/ffffff
803,70000,Compound - Pear,75,http://dummyimage.com/1000x1000.png/5fa2dd/ffffff
804,10000,Beer - Corona,11,http://dummyimage.com/1000x1000.png/cc0000/ffffff
805,80000,Puree - Guava,78,http://dummyimage.com/1000x1000.png/ff4444/ffffff
806,70000,Clam Nectar,56,http://dummyimage.com/1000x1000.png/ff4444/ffffff
807,10000,Melon - Watermelon Yellow,94,http://dummyimage.com/1000x1000.png/5fa2dd/ffffff
808,80000,"Pasta - Elbows, Macaroni, Dry",100,http://dummyimage.com/1000x1000.png/dddddd/000000
809,90000,Cut Wakame - Hanawakaba,48,http://dummyimage.com/1000x1000.png/5fa2dd/ffffff
810,60000,"Wine - White, Pelee Island",84,http://dummyimage.com/1000x1000.png/cc0000/ffffff
811,20000,Arrowroot,62,http://dummyimage.com/1000x1000.png/cc0000/ffffff
812,10000,Baking Soda,36,http://dummyimage.com/1000x1000.png/dddddd/000000
813,80000,Macaroons - Two Bite Choc,43,http://dummyimage.com/1000x1000.png/ff4444/ffffff
814,30000,"Bread - Crumbs, Bulk",43,http://dummyimage.com/1000x1000.png/cc0000/ffffff
815,20000,Cookie - Oatmeal,14,http://dummyimage.com/1000x1000.png/5fa2dd/ffffff
816,90000,Lemon Balm - Fresh,12,http://dummyimage.com/1000x1000.png/dddddd/000000
817,80000,Pork - Sausage Casing,89,http://dummyimage.com/1000x1000.png/5fa2dd/ffffff
818,40000,Pasta - Agnolotti - Butternut,6,http://dummyimage.com/1000x1000.png/cc0000/ffffff
819,90000,Turnip - White,34,http://dummyimage.com/1000x1000.png/ff4444/ffffff
820,70000,Salmon Steak - Cohoe 6 Oz,81,http://dummyimage.com/1000x1000.png/ff4444/ffffff
821,40000,Wine - Hardys Bankside Shiraz,28,http://dummyimage.com/1000x1000.png/dddddd/000000
822,10000,Wine - Shiraz Wolf Blass Premium,26,http://dummyimage.com/1000x1000.png/ff4444/ffffff
823,60000,Sambuca - Ramazzotti,17,http://dummyimage.com/1000x1000.png/cc0000/ffffff
824,60000,Duck - Legs,86,http://dummyimage.com/1000x1000.png/cc0000/ffffff
825,50000,Mousse - Passion Fruit,2,http://dummyimage.com/1000x1000.png/cc0000/ffffff
826,40000,Chicken - Whole Roasting,45,http://dummyimage.com/1000x1000.png/cc0000/ffffff
827,30000,"Tart Shells - Sweet, 3",44,http://dummyimage.com/1000x1000.png/5fa2dd/ffffff
828,80000,"Pasta - Lasagna Noodle, Frozen",38,http://dummyimage.com/1000x1000.png/dddddd/000000
829,90000,Sprouts - Peppercress,66,http://dummyimage.com/1000x1000.png/ff4444/ffffff
830,20000,"Glass - Wine, Plastic, Clear 5 Oz",8,http://dummyimage.com/1000x1000.png/cc0000/ffffff
831,40000,Sobe - Green Tea,76,http://dummyimage.com/1000x1000.png/ff4444/ffffff
832,60000,Syrup - Monin - Granny Smith,45,http://dummyimage.com/1000x1000.png/dddddd/000000
833,20000,Guinea Fowl,86,http://dummyimage.com/1000x1000.png/cc0000/ffffff
834,80000,"Gin - Gilbeys London, Dry",41,http://dummyimage.com/1000x1000.png/5fa2dd/ffffff
835,70000,Wine - Zinfandel Rosenblum,28,http://dummyimage.com/1000x1000.png/dddddd/000000
836,100000,Soup Bowl Clear 8oz92008,51,http://dummyimage.com/1000x1000.png/5fa2dd/ffffff
837,40000,Kellogs Special K Cereal,90,http://dummyimage.com/1000x1000.png/cc0000/ffffff
838,40000,Appetizer - Mushroom Tart,23,http://dummyimage.com/1000x1000.png/5fa2dd/ffffff
839,80000,Oil - Pumpkinseed,97,http://dummyimage.com/1000x1000.png/ff4444/ffffff
840,80000,Bread - Raisin,50,http://dummyimage.com/1000x1000.png/cc0000/ffffff
841,10000,Goat - Whole Cut,31,http://dummyimage.com/1000x1000.png/ff4444/ffffff
842,10000,Lobster - Canned Premium,48,http://dummyimage.com/1000x1000.png/ff4444/ffffff
843,10000,Tuna - Fresh,46,http://dummyimage.com/1000x1000.png/dddddd/000000
844,20000,Tuna - Yellowfin,54,http://dummyimage.com/1000x1000.png/cc0000/ffffff
845,20000,Bread - Raisin Walnut Oval,37,http://dummyimage.com/1000x1000.png/cc0000/ffffff
846,50000,Cake - Cake Sheet Macaroon,64,http://dummyimage.com/1000x1000.png/5fa2dd/ffffff
847,100000,Wine - Redchard Merritt,87,http://dummyimage.com/1000x1000.png/cc0000/ffffff
848,80000,Chinese Lemon Pork,99,http://dummyimage.com/1000x1000.png/5fa2dd/ffffff
849,60000,"Cheese - Havarti, Salsa",28,http://dummyimage.com/1000x1000.png/cc0000/ffffff
850,70000,Fork - Plastic,98,http://dummyimage.com/1000x1000.png/cc0000/ffffff
851,80000,"Hickory Smoke, Liquid",98,http://dummyimage.com/1000x1000.png/cc0000/ffffff
852,60000,Paste - Black Olive,54,http://dummyimage.com/1000x1000.png/ff4444/ffffff
853,70000,"Wine - White, French Cross",38,http://dummyimage.com/1000x1000.png/dddddd/000000
854,60000,Plasticknivesblack,88,http://dummyimage.com/1000x1000.png/ff4444/ffffff
855,90000,Plastic Arrow Stir Stick,69,http://dummyimage.com/1000x1000.png/dddddd/000000
856,90000,Olives - Stuffed,60,http://dummyimage.com/1000x1000.png/5fa2dd/ffffff
857,70000,Rice - Long Grain,24,http://dummyimage.com/1000x1000.png/dddddd/000000
858,40000,Longos - Grilled Chicken With,95,http://dummyimage.com/1000x1000.png/dddddd/000000
859,10000,Pineapple - Regular,36,http://dummyimage.com/1000x1000.png/cc0000/ffffff
860,30000,Halibut - Fletches,55,http://dummyimage.com/1000x1000.png/ff4444/ffffff
861,90000,Trueblue - Blueberry,35,http://dummyimage.com/1000x1000.png/ff4444/ffffff
862,20000,Coffee - Decaffeinato Coffee,51,http://dummyimage.com/1000x1000.png/5fa2dd/ffffff
863,20000,Bonito Flakes - Toku Katsuo,18,http://dummyimage.com/1000x1000.png/cc0000/ffffff
864,20000,Oyster - In Shell,37,http://dummyimage.com/1000x1000.png/5fa2dd/ffffff
865,100000,Anchovy Fillets,1,http://dummyimage.com/1000x1000.png/cc0000/ffffff
866,80000,Chicken - Ground,88,http://dummyimage.com/1000x1000.png/ff4444/ffffff
867,40000,Skewers - Bamboo,23,http://dummyimage.com/1000x1000.png/5fa2dd/ffffff
868,80000,"Veal - Inside Round / Top, Lean",61,http://dummyimage.com/1000x1000.png/cc0000/ffffff
869,90000,Laundry - Bag Cloth,16,http://dummyimage.com/1000x1000.png/dddddd/000000
870,60000,"Wine - White, Concha Y Toro",92,http://dummyimage.com/1000x1000.png/dddddd/000000
871,10000,Puree - Blackcurrant,38,http://dummyimage.com/1000x1000.png/dddddd/000000
872,20000,Mix - Cocktail Strawberry Daiquiri,54,http://dummyimage.com/1000x1000.png/5fa2dd/ffffff
873,70000,Rye Special Old,94,http://dummyimage.com/1000x1000.png/ff4444/ffffff
874,10000,Alize Sunset,15,http://dummyimage.com/1000x1000.png/cc0000/ffffff
875,90000,Cheese - Parmesan Cubes,59,http://dummyimage.com/1000x1000.png/cc0000/ffffff
876,100000,"Wine - White, Ej",82,http://dummyimage.com/1000x1000.png/cc0000/ffffff
877,80000,Carbonated Water - White Grape,11,http://dummyimage.com/1000x1000.png/ff4444/ffffff
878,100000,Pastry - French Mini Assorted,24,http://dummyimage.com/1000x1000.png/cc0000/ffffff
879,70000,"Yogurt - Blueberry, 175 Gr",98,http://dummyimage.com/1000x1000.png/dddddd/000000
880,20000,Beer - Camerons Cream Ale,28,http://dummyimage.com/1000x1000.png/5fa2dd/ffffff
881,50000,Napkin White,70,http://dummyimage.com/1000x1000.png/5fa2dd/ffffff
882,60000,"Bread - Roll, Calabrese",15,http://dummyimage.com/1000x1000.png/cc0000/ffffff
883,30000,"Cheese - Boursin, Garlic / Herbs",51,http://dummyimage.com/1000x1000.png/5fa2dd/ffffff
884,10000,Mushroom - Porcini Frozen,89,http://dummyimage.com/1000x1000.png/cc0000/ffffff
885,10000,Filo Dough,30,http://dummyimage.com/1000x1000.png/ff4444/ffffff
886,50000,"Cheese - Brie, Triple Creme",74,http://dummyimage.com/1000x1000.png/5fa2dd/ffffff
887,10000,Wine - Chardonnay Mondavi,86,http://dummyimage.com/1000x1000.png/5fa2dd/ffffff
888,40000,Lotus Root,61,http://dummyimage.com/1000x1000.png/cc0000/ffffff
889,20000,Onions - Cooking,98,http://dummyimage.com/1000x1000.png/ff4444/ffffff
890,80000,Sausage - Blood Pudding,39,http://dummyimage.com/1000x1000.png/5fa2dd/ffffff
891,30000,Cucumber - Pickling Ontario,63,http://dummyimage.com/1000x1000.png/ff4444/ffffff
892,20000,"Bread - Roll, Calabrese",76,http://dummyimage.com/1000x1000.png/5fa2dd/ffffff
893,70000,Wine - Touraine Azay - Le - Rideau,36,http://dummyimage.com/1000x1000.png/5fa2dd/ffffff
894,30000,"Beef - Tongue, Cooked",69,http://dummyimage.com/1000x1000.png/cc0000/ffffff
895,100000,Filter - Coffee,14,http://dummyimage.com/1000x1000.png/cc0000/ffffff
896,50000,"Lentils - Green, Dry",98,http://dummyimage.com/1000x1000.png/dddddd/000000
897,50000,Beef Wellington,42,http://dummyimage.com/1000x1000.png/5fa2dd/ffffff
898,70000,"Ham - Smoked, Bone - In",97,http://dummyimage.com/1000x1000.png/5fa2dd/ffffff
899,80000,Ecolab - Solid Fusion,63,http://dummyimage.com/1000x1000.png/cc0000/ffffff
900,70000,Bread - French Baquette,56,http://dummyimage.com/1000x1000.png/5fa2dd/ffffff
901,20000,Milk - Skim,57,http://dummyimage.com/1000x1000.png/ff4444/ffffff
902,30000,Gherkin - Sour,40,http://dummyimage.com/1000x1000.png/cc0000/ffffff
903,70000,Lettuce - Iceberg,77,http://dummyimage.com/1000x1000.png/cc0000/ffffff
904,100000,Ecolab Digiclean Mild Fm,67,http://dummyimage.com/1000x1000.png/cc0000/ffffff
905,10000,Beef Tenderloin Aaa,78,http://dummyimage.com/1000x1000.png/dddddd/000000
906,90000,"Asparagus - White, Canned",83,http://dummyimage.com/1000x1000.png/5fa2dd/ffffff
907,70000,Puree - Mocha,78,http://dummyimage.com/1000x1000.png/ff4444/ffffff
908,30000,Veal - Nuckle,94,http://dummyimage.com/1000x1000.png/5fa2dd/ffffff
909,10000,Cauliflower,89,http://dummyimage.com/1000x1000.png/ff4444/ffffff
910,50000,Bread - Frozen Basket Variety,79,http://dummyimage.com/1000x1000.png/5fa2dd/ffffff
911,80000,Longos - Grilled Veg Sandwiches,1,http://dummyimage.com/1000x1000.png/ff4444/ffffff
912,40000,Wine - Vovray Sec Domaine Huet,50,http://dummyimage.com/1000x1000.png/ff4444/ffffff
913,10000,Pastry - Plain Baked Croissant,34,http://dummyimage.com/1000x1000.png/dddddd/000000
914,20000,Foil - Round Foil,74,http://dummyimage.com/1000x1000.png/ff4444/ffffff
915,30000,"Wine - Cahors Ac 2000, Clos",90,http://dummyimage.com/1000x1000.png/5fa2dd/ffffff
916,10000,"Basil - Dry, Rubbed",61,http://dummyimage.com/1000x1000.png/dddddd/000000
917,50000,Wine - Domaine Boyar Royal,64,http://dummyimage.com/1000x1000.png/ff4444/ffffff
918,30000,Tea - Vanilla Chai,45,http://dummyimage.com/1000x1000.png/5fa2dd/ffffff
919,60000,Clams - Bay,47,http://dummyimage.com/1000x1000.png/dddddd/000000
920,10000,Wine - Lou Black Shiraz,94,http://dummyimage.com/1000x1000.png/ff4444/ffffff
921,40000,Rabbit - Whole,4,http://dummyimage.com/1000x1000.png/5fa2dd/ffffff
922,90000,Foie Gras,64,http://dummyimage.com/1000x1000.png/cc0000/ffffff
923,90000,Soap - Pine Sol Floor Cleaner,2,http://dummyimage.com/1000x1000.png/dddddd/000000
924,30000,Gherkin,34,http://dummyimage.com/1000x1000.png/dddddd/000000
925,90000,Soup - Campbells Pasta Fagioli,31,http://dummyimage.com/1000x1000.png/cc0000/ffffff
926,50000,Bar Special K,36,http://dummyimage.com/1000x1000.png/dddddd/000000
927,60000,Ostrich - Prime Cut,100,http://dummyimage.com/1000x1000.png/5fa2dd/ffffff
928,80000,Jerusalem Artichoke,70,http://dummyimage.com/1000x1000.png/ff4444/ffffff
929,50000,"Juice - Grape, White",17,http://dummyimage.com/1000x1000.png/5fa2dd/ffffff
930,80000,Garbage Bags - Clear,71,http://dummyimage.com/1000x1000.png/ff4444/ffffff
931,20000,Scampi Tail,44,http://dummyimage.com/1000x1000.png/ff4444/ffffff
932,20000,Coffee - Ristretto Coffee Capsule,85,http://dummyimage.com/1000x1000.png/cc0000/ffffff
933,30000,Juice - Happy Planet,35,http://dummyimage.com/1000x1000.png/dddddd/000000
934,40000,Chocolate - Dark,13,http://dummyimage.com/1000x1000.png/ff4444/ffffff
935,90000,Pears - Bartlett,91,http://dummyimage.com/1000x1000.png/5fa2dd/ffffff
936,20000,Sugar - Icing,51,http://dummyimage.com/1000x1000.png/5fa2dd/ffffff
937,80000,Garlic,58,http://dummyimage.com/1000x1000.png/dddddd/000000
938,60000,Scallops - Live In Shell,53,http://dummyimage.com/1000x1000.png/dddddd/000000
939,90000,Chutney Sauce,74,http://dummyimage.com/1000x1000.png/ff4444/ffffff
940,90000,Bread - Bistro White,75,http://dummyimage.com/1000x1000.png/dddddd/000000
941,100000,Foie Gras,34,http://dummyimage.com/1000x1000.png/cc0000/ffffff
942,100000,Devonshire Cream,81,http://dummyimage.com/1000x1000.png/dddddd/000000
943,40000,Beer - True North Lager,76,http://dummyimage.com/1000x1000.png/cc0000/ffffff
944,100000,"Zucchini - Mini, Green",19,http://dummyimage.com/1000x1000.png/5fa2dd/ffffff
945,60000,Anchovy In Oil,81,http://dummyimage.com/1000x1000.png/5fa2dd/ffffff
946,70000,"Chilli Paste, Hot Sambal Oelek",44,http://dummyimage.com/1000x1000.png/ff4444/ffffff
947,10000,Oil - Coconut,90,http://dummyimage.com/1000x1000.png/5fa2dd/ffffff
948,70000,Pear - Halves,35,http://dummyimage.com/1000x1000.png/ff4444/ffffff
949,90000,Oil - Cooking Spray,24,http://dummyimage.com/1000x1000.png/cc0000/ffffff
950,60000,Pastrami,50,http://dummyimage.com/1000x1000.png/cc0000/ffffff
951,60000,Chocolate - Chips Compound,41,http://dummyimage.com/1000x1000.png/ff4444/ffffff
952,10000,Beans - Kidney White,51,http://dummyimage.com/1000x1000.png/5fa2dd/ffffff
953,30000,Beef - Rib Eye Aaa,23,http://dummyimage.com/1000x1000.png/cc0000/ffffff
954,60000,Chips - Potato Jalapeno,7,http://dummyimage.com/1000x1000.png/ff4444/ffffff
955,10000,Beer - Upper Canada Lager,25,http://dummyimage.com/1000x1000.png/cc0000/ffffff
956,80000,"Rosemary - Primerba, Paste",61,http://dummyimage.com/1000x1000.png/ff4444/ffffff
957,40000,Sour Puss - Tangerine,97,http://dummyimage.com/1000x1000.png/cc0000/ffffff
958,10000,Wonton Wrappers,15,http://dummyimage.com/1000x1000.png/5fa2dd/ffffff
959,60000,"Veal - Brisket, Provimi,bnls",84,http://dummyimage.com/1000x1000.png/dddddd/000000
960,90000,Pepper Squash,14,http://dummyimage.com/1000x1000.png/cc0000/ffffff
961,70000,Grapefruit - White,73,http://dummyimage.com/1000x1000.png/cc0000/ffffff
962,20000,"Veal - Insides, Grains",72,http://dummyimage.com/1000x1000.png/cc0000/ffffff
963,50000,"Vermacelli - Sprinkles, Assorted",59,http://dummyimage.com/1000x1000.png/ff4444/ffffff
964,80000,Soup - Campbells Mushroom,20,http://dummyimage.com/1000x1000.png/5fa2dd/ffffff
965,10000,Wine - Barossa Valley Estate,82,http://dummyimage.com/1000x1000.png/5fa2dd/ffffff
966,70000,Squeeze Bottle,57,http://dummyimage.com/1000x1000.png/cc0000/ffffff
967,20000,"Marsala - Sperone, Fine, D.o.c.",33,http://dummyimage.com/1000x1000.png/dddddd/000000
968,30000,Oyster - In Shell,23,http://dummyimage.com/1000x1000.png/dddddd/000000
969,40000,Pie Filling - Apple,58,http://dummyimage.com/1000x1000.png/5fa2dd/ffffff
970,90000,Pie Filling - Cherry,95,http://dummyimage.com/1000x1000.png/dddddd/000000
971,80000,Vodka - Moskovskaya,76,http://dummyimage.com/1000x1000.png/dddddd/000000
972,100000,Pie Filling - Apple,91,http://dummyimage.com/1000x1000.png/dddddd/000000
973,60000,"Pineapple - Canned, Rings",93,http://dummyimage.com/1000x1000.png/dddddd/000000
974,80000,Knife Plastic - White,74,http://dummyimage.com/1000x1000.png/dddddd/000000
975,50000,Bread - 10 Grain,70,http://dummyimage.com/1000x1000.png/dddddd/000000
976,30000,"Chicken - Breast, 5 - 7 Oz",2,http://dummyimage.com/1000x1000.png/5fa2dd/ffffff
977,100000,Dates,93,http://dummyimage.com/1000x1000.png/dddddd/000000
978,30000,Muffin - Mix - Strawberry Rhubarb,42,http://dummyimage.com/1000x1000.png/ff4444/ffffff
979,10000,Garlic - Elephant,65,http://dummyimage.com/1000x1000.png/ff4444/ffffff
980,10000,Breakfast Quesadillas,54,http://dummyimage.com/1000x1000.png/5fa2dd/ffffff
981,40000,Wild Boar - Tenderloin,64,http://dummyimage.com/1000x1000.png/dddddd/000000
982,10000,Energy Drink,60,http://dummyimage.com/1000x1000.png/dddddd/000000
983,50000,Coffee - Cafe Moreno,22,http://dummyimage.com/1000x1000.png/ff4444/ffffff
984,70000,Pepper - Chilli Seeds Mild,62,http://dummyimage.com/1000x1000.png/cc0000/ffffff
985,40000,Cabbage - Red,83,http://dummyimage.com/1000x1000.png/ff4444/ffffff
986,70000,Capicola - Hot,39,http://dummyimage.com/1000x1000.png/ff4444/ffffff
987,30000,"Fish - Scallops, Cold Smoked",57,http://dummyimage.com/1000x1000.png/dddddd/000000
988,60000,"Bread - Roll, Whole Wheat",30,http://dummyimage.com/1000x1000.png/cc0000/ffffff
989,100000,Pastry - Trippleberry Muffin - Mini,91,http://dummyimage.com/1000x1000.png/cc0000/ffffff
990,60000,"Brandy - Orange, Mc Guiness",53,http://dummyimage.com/1000x1000.png/cc0000/ffffff
991,50000,"Napkin - Cocktail,beige 2 - Ply",57,http://dummyimage.com/1000x1000.png/cc0000/ffffff
992,30000,Huck White Towels,38,http://dummyimage.com/1000x1000.png/dddddd/000000
993,20000,Sauce - Roasted Red Pepper,98,http://dummyimage.com/1000x1000.png/dddddd/000000
994,90000,Bread - Rosemary Focaccia,91,http://dummyimage.com/1000x1000.png/dddddd/000000
995,50000,Lettuce - Boston Bib - Organic,19,http://dummyimage.com/1000x1000.png/dddddd/000000
996,20000,Cake - Cheese Cake 9 Inch,99,http://dummyimage.com/1000x1000.png/5fa2dd/ffffff
997,20000,"Red Snapper - Fillet, Skin On",61,http://dummyimage.com/1000x1000.png/dddddd/000000
998,100000,Garlic Powder,84,http://dummyimage.com/1000x1000.png/5fa2dd/ffffff
999,90000,Flounder - Fresh,11,http://dummyimage.com/1000x1000.png/ff4444/ffffff
1000,50000,Appetizer - Asian Shrimp Roll,32,http://dummyimage.com/1000x1000.png/dddddd/000000
